#
# A fatal error has been detected by the Java Runtime Environment:
#
#  EXCEPTION_ACCESS_VIOLATION (0xc0000005) at pc=0x00007ffc9a6fe0a9, pid=10448, tid=17308
#
# JRE version: OpenJDK Runtime Environment Microsoft-8035246 (17.0.8+7) (build 17.0.8+7-LTS)
# Java VM: OpenJDK 64-Bit Server VM Microsoft-8035246 (17.0.8+7-LTS, mixed mode, sharing, tiered, compressed oops, compressed class ptrs, g1 gc, windows-amd64)
# Problematic frame:
# V  [jvm.dll+0x2be0a9]
#
# No core dump will be written. Minidumps are not enabled by default on client versions of Windows
#
# If you would like to submit a bug report, please visit:
#   https://github.com/microsoft/openjdk/issues
#

---------------  S U M M A R Y ------------

Command Line: --add-opens=java.base/java.lang=ALL-UNNAMED --add-opens=java.base/java.lang.invoke=ALL-UNNAMED --add-opens=java.base/java.util=ALL-UNNAMED --add-opens=java.prefs/java.util.prefs=ALL-UNNAMED --add-exports=jdk.compiler/com.sun.tools.javac.api=ALL-UNNAMED --add-exports=jdk.compiler/com.sun.tools.javac.util=ALL-UNNAMED --add-opens=java.base/java.util=ALL-UNNAMED --add-opens=java.prefs/java.util.prefs=ALL-UNNAMED --add-opens=java.base/java.nio.charset=ALL-UNNAMED --add-opens=java.base/java.net=ALL-UNNAMED --add-opens=java.base/java.util.concurrent.atomic=ALL-UNNAMED --add-opens=java.xml/javax.xml.namespace=ALL-UNNAMED -XX:MaxMetaspaceSize=512m -Xmx2048m -Dfile.encoding=UTF-8 -Duser.country=IN -Duser.language=en -Duser.variant -javaagent:C:\Users\Yogesh\.gradle\wrapper\dists\gradle-8.11.1-bin\bpt9gzteqjrbo1mjrsomdt32c\gradle-8.11.1\lib\agents\gradle-instrumentation-agent-8.11.1.jar org.gradle.launcher.daemon.bootstrap.GradleDaemon 8.11.1

Host: 11th Gen Intel(R) Core(TM) i5-1135G7 @ 2.40GHz, 8 cores, 15G,  Windows 11 , 64 bit Build 26100 (10.0.26100.9168)
Time: Sat Aug 15 19:39:45 2026 India Standard Time elapsed time: 75.069890 seconds (0d 0h 1m 15s)

---------------  T H R E A D  ---------------

Current thread (0x00000246d10033d0):  JavaThread "C2 CompilerThread0" daemon [_thread_in_native, id=17308, stack(0x0000005072900000,0x0000005072a00000)]


Current CompileTask:
C2:  75070 11616       4       org.gradle.cache.internal.ExclusiveCacheAccessingWorker$$Lambda$479/0x00000246b3443350::call (10 bytes)

Stack: [0x0000005072900000,0x0000005072a00000],  sp=0x00000050729fb3b0,  free space=1004k
Native frames: (J=compiled Java code, j=interpreted, Vv=VM code, C=native code)
V  [jvm.dll+0x2be0a9]
V  [jvm.dll+0x21ba8b]
V  [jvm.dll+0x21944b]
V  [jvm.dll+0x1a56b6]
V  [jvm.dll+0x2291ea]
V  [jvm.dll+0x22724c]
V  [jvm.dll+0x7efd0c]
V  [jvm.dll+0x7ea13a]
V  [jvm.dll+0x67ad85]
C  [ucrtbase.dll+0x2cd30]
C  [KERNEL32.DLL+0x2ccb7]
C  [ntdll.dll+0xaad6c]


siginfo: EXCEPTION_ACCESS_VIOLATION (0xc0000005), reading address 0x0000000000000028


Register to memory mapping:

RIP=0x00007ffc9a6fe0a9 jvm.dll
RAX=0x00000246d41a7fb0 points into unknown readable memory: 0x0000000000000000 | 00 00 00 00 00 00 00 00
RBX=0x00000000000017e3 is an unknown value
RCX=0x0 is NULL
RDX=0x0 is NULL
RSP=0x00000050729fb3b0 is pointing into the stack for thread: 0x00000246d10033d0
RBP=0x00000050729fb420 is pointing into the stack for thread: 0x00000246d10033d0
RSI=0x0 is NULL
RDI=0x0000000000000049 is an unknown value
R8 =0x000000000000ffe0 is an unknown value
R9 =0x0 is NULL
R10=0x00007ffc9d190000 VCRUNTIME140.dll
R11=0x00000246d41a7fd0 points into unknown readable memory: 0x0000000000000000 | 00 00 00 00 00 00 00 00
R12=0x0000000000000050 is an unknown value
R13=0x0 is NULL
R14=0x0 is NULL
R15=0x00000050729fe5d0 is pointing into the stack for thread: 0x00000246d10033d0


Registers:
RAX=0x00000246d41a7fb0, RBX=0x00000000000017e3, RCX=0x0000000000000000, RDX=0x0000000000000000
RSP=0x00000050729fb3b0, RBP=0x00000050729fb420, RSI=0x0000000000000000, RDI=0x0000000000000049
R8 =0x000000000000ffe0, R9 =0x0000000000000000, R10=0x00007ffc9d190000, R11=0x00000246d41a7fd0
R12=0x0000000000000050, R13=0x0000000000000000, R14=0x0000000000000000, R15=0x00000050729fe5d0
RIP=0x00007ffc9a6fe0a9, EFLAGS=0x0000000000010202

Top of Stack: (sp=0x00000050729fb3b0)
0x00000050729fb3b0:   00000000000017e3 0000000000000000
0x00000050729fb3c0:   00000050729fe5d0 00007ffc9a6638d1
0x00000050729fb3d0:   00000246b1ce9e00 00007ffc00002000
0x00000050729fb3e0:   00000246d41a7fb0 0000000000000000
0x00000050729fb3f0:   0000000000000002 00000246d4d0d2a0
0x00000050729fb400:   0000000000000002 00000246b1ce9e00
0x00000050729fb410:   0000000000000000 0000000000000000
0x00000050729fb420:   00000246b1cdd8b0 00000246938666e0
0x00000050729fb430:   0000000000000049 00007ffc9ad84c08
0x00000050729fb440:   00000050729fb550 00007ffc9a65ba8b
0x00000050729fb450:   00000050729fe5d0 00007ffc9ad84c08
0x00000050729fb460:   00000050729fe5d0 00000050729fb550
0x00000050729fb470:   0000005000000000 00000050729ff130
0x00000050729fb480:   000000500000000f 00000050729fe5d0
0x00000050729fb490:   00000050729fb600 00007ffc00000000
0x00000050729fb4a0:   0000024600000100 00007ffc9ad84c08 

Instructions: (pc=0x00007ffc9a6fe0a9)
0x00007ffc9a6fdfa9:   3b d0 75 0b ff c1 41 3b c9 7c dc 48 8b c2 c3 33
0x00007ffc9a6fdfb9:   c0 c3 cc cc cc cc cc 48 89 5c 24 18 55 56 57 41
0x00007ffc9a6fdfc9:   55 41 57 48 8b ec 48 83 ec 70 65 48 8b 04 25 58
0x00007ffc9a6fdfd9:   00 00 00 48 8b f2 44 8b 05 d2 8b 90 00 4c 8b f9
0x00007ffc9a6fdfe9:   4a 8b 1c c0 b8 50 00 00 00 80 3c 18 00 75 05 e8
0x00007ffc9a6fdff9:   8b 6f 5d 00 b8 20 00 00 00 48 8b 04 18 48 8b 98
0x00007ffc9a6fe009:   38 02 00 00 48 89 5d b0 c7 45 b8 04 00 00 00 48
0x00007ffc9a6fe019:   8b 43 18 48 83 f8 df 76 18 4c 8d 05 37 a9 65 00
0x00007ffc9a6fe029:   ba 20 00 00 00 48 8b cb e8 5a eb de ff 48 8b 43
0x00007ffc9a6fe039:   18 48 8d 48 20 48 3b 4b 20 76 11 45 33 c0 48 8b
0x00007ffc9a6fe049:   cb 41 8d 50 20 e8 fd e8 de ff eb 04 48 89 4b 18
0x00007ffc9a6fe059:   44 8b 45 b8 33 d2 49 c1 e0 03 48 8b c8 48 89 45
0x00007ffc9a6fe069:   c0 e8 e3 80 5d 00 45 33 ed 48 8d 4d d0 44 89 6d
0x00007ffc9a6fe079:   c8 e8 01 59 56 00 41 8b 9f 40 02 00 00 41 2b 9f
0x00007ffc9a6fe089:   68 02 00 00 44 89 6d f0 3b 5d b8 72 0b 8b d3 48
0x00007ffc9a6fe099:   8d 4d b0 e8 6f b3 39 00 48 8b 45 c0 4c 89 2c d8
0x00007ffc9a6fe0a9:   8b 7e 28 8b df c1 eb 05 3b 5d d0 72 0b 8b d3 48
0x00007ffc9a6fe0b9:   8d 4d d0 e8 1f 59 56 00 48 8b 45 d8 83 e7 1f 48
0x00007ffc9a6fe0c9:   8d 14 98 40 0f b6 cf 41 b8 01 00 00 00 41 d3 e0
0x00007ffc9a6fe0d9:   8b 0a 8b c1 41 0b c0 89 02 41 85 c8 75 21 8b 5d
0x00007ffc9a6fe0e9:   c8 8d 43 01 89 45 c8 3b 5d b8 72 0b 8b d3 48 8d
0x00007ffc9a6fe0f9:   4d b0 e8 10 b3 39 00 48 8b 45 c0 48 89 34 d8 44
0x00007ffc9a6fe109:   39 6d c8 0f 86 77 01 00 00 4c 89 a4 24 a0 00 00
0x00007ffc9a6fe119:   00 4c 89 b4 24 a8 00 00 00 48 8b 45 c0 41 8b cd
0x00007ffc9a6fe129:   48 8b 34 c8 8b 46 2c 25 ff 1f 00 00 3d 04 10 00
0x00007ffc9a6fe139:   00 0f 85 a7 00 00 00 bb 01 00 00 00 39 5e 18 76
0x00007ffc9a6fe149:   39 66 0f 1f 44 00 00 48 8b 46 08 8b cb 48 8b 14
0x00007ffc9a6fe159:   c8 48 85 d2 74 1d 48 83 7a 10 00 74 16 80 7a 2c
0x00007ffc9a6fe169:   84 74 10 e8 7f 7e ee ff 48 8b d0 49 8b cf e8 a4
0x00007ffc9a6fe179:   61 f6 ff ff c3 3b 5e 18 72 cd 48 8b 5e 10 8b 46
0x00007ffc9a6fe189:   20 4c 8d 34 c3 49 3b de 73 54 48 8b 3b 8b 47 2c
0x00007ffc9a6fe199:   83 e0 03 3c 03 75 2e 48 8b 07 48 8b cf ff 90 88 


Stack slot to memory mapping:
stack at sp + 0 slots: 0x00000000000017e3 is an unknown value
stack at sp + 1 slots: 0x0 is NULL
stack at sp + 2 slots: 0x00000050729fe5d0 is pointing into the stack for thread: 0x00000246d10033d0
stack at sp + 3 slots: 0x00007ffc9a6638d1 jvm.dll
stack at sp + 4 slots: 0x00000246b1ce9e00 points into unknown readable memory: 0x0000000000000006 | 06 00 00 00 00 00 00 00
stack at sp + 5 slots: 0x00007ffc00002000 is an unknown value
stack at sp + 6 slots: 0x00000246d41a7fb0 points into unknown readable memory: 0x0000000000000000 | 00 00 00 00 00 00 00 00
stack at sp + 7 slots: 0x0 is NULL


---------------  P R O C E S S  ---------------

Threads class SMR info:
_java_thread_list=0x00000246d2a55d10, length=142, elements={
0x000002469384c660, 0x00000246b1cda120, 0x00000246b1cdb760, 0x00000246d1001090,
0x00000246d1001960, 0x00000246d1002230, 0x00000246d1002b00, 0x00000246d10033d0,
0x00000246d1005fe0, 0x00000246d1009470, 0x00000246b1cc4a20, 0x00000246d11c1900,
0x00000246d261b900, 0x00000246d12c6ae0, 0x00000246d12fddb0, 0x00000246d2715e40,
0x00000246d2560050, 0x00000246d281ad30, 0x00000246d281b750, 0x00000246d28184b0,
0x00000246d2818ed0, 0x00000246d28189c0, 0x00000246d281b240, 0x00000246d281a820,
0x00000246d28198f0, 0x00000246d2819e00, 0x00000246d2817fa0, 0x00000246d281a310,
0x00000246d28193e0, 0x00000246d6297060, 0x00000246d62989b0, 0x00000246d6297f90,
0x00000246d6298ec0, 0x00000246d62993d0, 0x00000246d6297a80, 0x00000246d6299df0,
0x00000246d629d090, 0x00000246d629a300, 0x00000246d629a810, 0x00000246d629b230,
0x00000246d629c670, 0x00000246d629ad20, 0x00000246d629b740, 0x00000246d62998e0,
0x00000246d629bc50, 0x00000246d629c160, 0x00000246d629cb80, 0x00000246d629d5a0,
0x00000246d629dab0, 0x00000246d629dfc0, 0x00000246d629e4d0, 0x00000246d629e9e0,
0x00000246d4d9d0b0, 0x00000246d4d9ea00, 0x00000246d4d9d5c0, 0x00000246d4d9c690,
0x00000246d4d9f930, 0x00000246d4d9fe40, 0x00000246d4da0350, 0x00000246d4d9cba0,
0x00000246d4da0860, 0x00000246d4d9ef10, 0x00000246d4d9dad0, 0x00000246d4da0d70,
0x00000246d4d9e4f0, 0x00000246d4da2bd0, 0x00000246d4da1280, 0x00000246d4da21b0,
0x00000246d4da26c0, 0x00000246d4d9f420, 0x00000246d4da4010, 0x00000246d4da30e0,
0x00000246d4da35f0, 0x00000246d4da3b00, 0x00000246d4b98c20, 0x00000246d4b99640,
0x00000246d4b9c3d0, 0x00000246d4b9af90, 0x00000246d4b9a060, 0x00000246d4b99b50,
0x00000246d4b9b4a0, 0x00000246d4b9b9b0, 0x00000246d4b9aa80, 0x00000246d4b9a570,
0x00000246d4b9bec0, 0x00000246d75880a0, 0x00000246d7588ac0, 0x00000246d75885b0,
0x00000246d7588fd0, 0x00000246d75894e0, 0x00000246d758a920, 0x00000246d75899f0,
0x00000246d758ae30, 0x00000246d7589f00, 0x00000246d758b340, 0x00000246d758b850,
0x00000246d758a410, 0x00000246d69c7520, 0x00000246d69c8960, 0x00000246d69ca7c0,
0x00000246d69c9380, 0x00000246d69ca2b0, 0x00000246d69c9da0, 0x00000246d69c8e70,
0x00000246d69c9890, 0x00000246d69c7a30, 0x00000246d69c7010, 0x00000246d69cacd0,
0x00000246d69cb1e0, 0x00000246d69cb6f0, 0x00000246d69c7f40, 0x00000246d69ce990,
0x00000246d69ccb30, 0x00000246d69cbc00, 0x00000246d69cda60, 0x00000246d69cc110,
0x00000246d69cd040, 0x00000246d69cd550, 0x00000246d69cc620, 0x00000246d69cdf70,
0x00000246d69ce480, 0x00000246d5d081c0, 0x00000246d5d077a0, 0x00000246d5d090f0,
0x00000246d5d09600, 0x00000246d5d086d0, 0x00000246d5d06870, 0x00000246d5d09b10,
0x00000246d5d08be0, 0x00000246d5d06360, 0x00000246d5d06d80, 0x00000246d4600240,
0x00000246d5f77570, 0x00000246d4600750, 0x00000246d45fded0, 0x00000246d45fcfa0,
0x00000246d4600c60, 0x00000246d45ff820, 0x00000246d45fd4b0, 0x00000246d45ffd30,
0x00000246d4601170, 0x00000246d45fd9c0
}

Java Threads: ( => current thread )
  0x000002469384c660 JavaThread "main" [_thread_blocked, id=24260, stack(0x0000005071c00000,0x0000005071d00000)]
  0x00000246b1cda120 JavaThread "Reference Handler" daemon [_thread_blocked, id=12216, stack(0x0000005072300000,0x0000005072400000)]
  0x00000246b1cdb760 JavaThread "Finalizer" daemon [_thread_blocked, id=21536, stack(0x0000005072400000,0x0000005072500000)]
  0x00000246d1001090 JavaThread "Signal Dispatcher" daemon [_thread_blocked, id=2088, stack(0x0000005072500000,0x0000005072600000)]
  0x00000246d1001960 JavaThread "Attach Listener" daemon [_thread_blocked, id=25004, stack(0x0000005072600000,0x0000005072700000)]
  0x00000246d1002230 JavaThread "Service Thread" daemon [_thread_blocked, id=15728, stack(0x0000005072700000,0x0000005072800000)]
  0x00000246d1002b00 JavaThread "Monitor Deflation Thread" daemon [_thread_blocked, id=23304, stack(0x0000005072800000,0x0000005072900000)]
=>0x00000246d10033d0 JavaThread "C2 CompilerThread0" daemon [_thread_in_native, id=17308, stack(0x0000005072900000,0x0000005072a00000)]
  0x00000246d1005fe0 JavaThread "C1 CompilerThread0" daemon [_thread_blocked, id=2688, stack(0x0000005072a00000,0x0000005072b00000)]
  0x00000246d1009470 JavaThread "Sweeper thread" daemon [_thread_blocked, id=4048, stack(0x0000005072b00000,0x0000005072c00000)]
  0x00000246b1cc4a20 JavaThread "Common-Cleaner" daemon [_thread_blocked, id=18564, stack(0x0000005072c00000,0x0000005072d00000)]
  0x00000246d11c1900 JavaThread "Notification Thread" daemon [_thread_blocked, id=4776, stack(0x0000005072d00000,0x0000005072e00000)]
  0x00000246d261b900 JavaThread "Daemon health stats" [_thread_blocked, id=16836, stack(0x0000005073400000,0x0000005073500000)]
  0x00000246d12c6ae0 JavaThread "Incoming local TCP Connector on port 54892" [_thread_in_native, id=14340, stack(0x0000005073500000,0x0000005073600000)]
  0x00000246d12fddb0 JavaThread "Daemon periodic checks" [_thread_blocked, id=19264, stack(0x0000005073600000,0x0000005073700000)]
  0x00000246d2715e40 JavaThread "Daemon" [_thread_blocked, id=15400, stack(0x0000005073700000,0x0000005073800000)]
  0x00000246d2560050 JavaThread "Handler for socket connection from /127.0.0.1:54892 to /127.0.0.1:54893" [_thread_in_native, id=11708, stack(0x0000005073800000,0x0000005073900000)]
  0x00000246d281ad30 JavaThread "Cancel handler" [_thread_blocked, id=1668, stack(0x0000005073900000,0x0000005073a00000)]
  0x00000246d281b750 JavaThread "Daemon worker" [_thread_in_native, id=14280, stack(0x0000005073a00000,0x0000005073b00000)]
  0x00000246d28184b0 JavaThread "Asynchronous log dispatcher for DefaultDaemonConnection: socket connection from /127.0.0.1:54892 to /127.0.0.1:54893" [_thread_blocked_trans, id=4344, stack(0x0000005073b00000,0x0000005073c00000)]
  0x00000246d2818ed0 JavaThread "Stdin handler" [_thread_blocked, id=7264, stack(0x0000005073c00000,0x0000005073d00000)]
  0x00000246d28189c0 JavaThread "Daemon client event forwarder" [_thread_blocked, id=10452, stack(0x0000005073d00000,0x0000005073e00000)]
  0x00000246d281b240 JavaThread "Cache worker for journal cache (C:\Users\Yogesh\.gradle\caches\journal-1)" [_thread_blocked, id=4288, stack(0x0000005073e00000,0x0000005073f00000)]
  0x00000246d281a820 JavaThread "File lock request listener" [_thread_in_native, id=16456, stack(0x0000005073f00000,0x0000005074000000)]
  0x00000246d28198f0 JavaThread "File lock release action executor" [_thread_blocked, id=23844, stack(0x0000005074000000,0x0000005074100000)]
  0x00000246d2819e00 JavaThread "Cache worker for file hash cache (C:\Users\Yogesh\.gradle\caches\8.11.1\fileHashes)" [_thread_blocked, id=23260, stack(0x0000005074100000,0x0000005074200000)]
  0x00000246d2817fa0 JavaThread "Cache worker for file content cache (C:\Users\Yogesh\.gradle\caches\8.11.1\fileContent)" [_thread_blocked, id=24204, stack(0x0000005074200000,0x0000005074300000)]
  0x00000246d281a310 JavaThread "Cache worker for file hash cache (C:\Users\Yogesh\Desktop\Drive4U\RTR_Partner\android\.gradle\8.11.1\fileHashes)" [_thread_blocked, id=23868, stack(0x0000005074400000,0x0000005074500000)]
  0x00000246d28193e0 JavaThread "Cache worker for Build Output Cleanup Cache (C:\Users\Yogesh\Desktop\Drive4U\RTR_Partner\android\.gradle\buildOutputCleanup)" [_thread_blocked, id=24804, stack(0x0000005074500000,0x0000005074600000)]
  0x00000246d6297060 JavaThread "File watcher server" daemon [_thread_in_native, id=21220, stack(0x0000005074800000,0x0000005074900000)]
  0x00000246d62989b0 JavaThread "File watcher consumer" daemon [_thread_blocked, id=8508, stack(0x0000005074900000,0x0000005074a00000)]
  0x00000246d6297f90 JavaThread "Cache worker for checksums cache (C:\Users\Yogesh\Desktop\Drive4U\RTR_Partner\android\.gradle\8.11.1\checksums)" [_thread_blocked, id=4116, stack(0x0000005074a00000,0x0000005074b00000)]
  0x00000246d6298ec0 JavaThread "Cache worker for cache directory md-rule (C:\Users\Yogesh\.gradle\caches\8.11.1\md-rule)" [_thread_blocked, id=1044, stack(0x0000005074b00000,0x0000005074c00000)]
  0x00000246d62993d0 JavaThread "Cache worker for cache directory md-supplier (C:\Users\Yogesh\.gradle\caches\8.11.1\md-supplier)" [_thread_blocked, id=3104, stack(0x0000005074d00000,0x0000005074e00000)]
  0x00000246d6297a80 JavaThread "jar transforms" [_thread_blocked, id=5556, stack(0x0000005074c00000,0x0000005074d00000)]
  0x00000246d6299df0 JavaThread "jar transforms Thread 2" [_thread_blocked, id=14308, stack(0x0000005074e00000,0x0000005074f00000)]
  0x00000246d629d090 JavaThread "jar transforms Thread 3" [_thread_blocked, id=16720, stack(0x0000005074f00000,0x0000005075000000)]
  0x00000246d629a300 JavaThread "Cache worker for Build Output Cleanup Cache (C:\Users\Yogesh\Desktop\Drive4U\RTR_Partner\node_modules\@react-native\gradle-plugin\.gradle\buildOutputCleanup)" [_thread_blocked, id=5832, stack(0x0000005075100000,0x0000005075200000)]
  0x00000246d629a810 JavaThread "Unconstrained build operations" [_thread_blocked, id=16504, stack(0x0000005075000000,0x0000005075100000)]
  0x00000246d629b230 JavaThread "Unconstrained build operations Thread 2" [_thread_blocked, id=10860, stack(0x0000005075200000,0x0000005075300000)]
  0x00000246d629c670 JavaThread "Unconstrained build operations Thread 3" [_thread_blocked, id=23680, stack(0x0000005075300000,0x0000005075400000)]
  0x00000246d629ad20 JavaThread "Unconstrained build operations Thread 4" [_thread_blocked, id=17976, stack(0x0000005075400000,0x0000005075500000)]
  0x00000246d629b740 JavaThread "Unconstrained build operations Thread 5" [_thread_blocked, id=10420, stack(0x0000005075500000,0x0000005075600000)]
  0x00000246d62998e0 JavaThread "Unconstrained build operations Thread 6" [_thread_blocked, id=14164, stack(0x0000005075600000,0x0000005075700000)]
  0x00000246d629bc50 JavaThread "Unconstrained build operations Thread 7" [_thread_blocked, id=25276, stack(0x0000005075900000,0x0000005075a00000)]
  0x00000246d629c160 JavaThread "Unconstrained build operations Thread 8" [_thread_blocked, id=20440, stack(0x0000005075a00000,0x0000005075b00000)]
  0x00000246d629cb80 JavaThread "Unconstrained build operations Thread 9" [_thread_blocked, id=16012, stack(0x0000005075b00000,0x0000005075c00000)]
  0x00000246d629d5a0 JavaThread "Unconstrained build operations Thread 10" [_thread_blocked, id=18220, stack(0x0000005075c00000,0x0000005075d00000)]
  0x00000246d629dab0 JavaThread "Unconstrained build operations Thread 11" [_thread_blocked, id=24744, stack(0x0000005075d00000,0x0000005075e00000)]
  0x00000246d629dfc0 JavaThread "Unconstrained build operations Thread 12" [_thread_blocked, id=10200, stack(0x0000005075e00000,0x0000005075f00000)]
  0x00000246d629e4d0 JavaThread "Unconstrained build operations Thread 13" [_thread_blocked, id=20572, stack(0x0000005075f00000,0x0000005076000000)]
  0x00000246d629e9e0 JavaThread "Unconstrained build operations Thread 14" [_thread_blocked, id=24696, stack(0x0000005076000000,0x0000005076100000)]
  0x00000246d4d9d0b0 JavaThread "Unconstrained build operations Thread 15" [_thread_blocked, id=13476, stack(0x0000005076100000,0x0000005076200000)]
  0x00000246d4d9ea00 JavaThread "Unconstrained build operations Thread 16" [_thread_blocked, id=13200, stack(0x0000005076200000,0x0000005076300000)]
  0x00000246d4d9d5c0 JavaThread "Unconstrained build operations Thread 17" [_thread_blocked, id=8400, stack(0x0000005076300000,0x0000005076400000)]
  0x00000246d4d9c690 JavaThread "Unconstrained build operations Thread 18" [_thread_blocked, id=6220, stack(0x0000005076400000,0x0000005076500000)]
  0x00000246d4d9f930 JavaThread "Unconstrained build operations Thread 19" [_thread_blocked, id=8928, stack(0x0000005076500000,0x0000005076600000)]
  0x00000246d4d9fe40 JavaThread "Unconstrained build operations Thread 20" [_thread_blocked, id=16728, stack(0x0000005076600000,0x0000005076700000)]
  0x00000246d4da0350 JavaThread "Unconstrained build operations Thread 21" [_thread_in_native, id=2480, stack(0x0000005076700000,0x0000005076800000)]
  0x00000246d4d9cba0 JavaThread "Unconstrained build operations Thread 22" [_thread_in_native, id=9324, stack(0x0000005076800000,0x0000005076900000)]
  0x00000246d4da0860 JavaThread "Unconstrained build operations Thread 23" [_thread_blocked, id=20048, stack(0x0000005076900000,0x0000005076a00000)]
  0x00000246d4d9ef10 JavaThread "Unconstrained build operations Thread 24" [_thread_blocked, id=16004, stack(0x0000005076a00000,0x0000005076b00000)]
  0x00000246d4d9dad0 JavaThread "Unconstrained build operations Thread 25" [_thread_in_native, id=8392, stack(0x0000005076b00000,0x0000005076c00000)]
  0x00000246d4da0d70 JavaThread "Unconstrained build operations Thread 26" [_thread_blocked, id=7424, stack(0x0000005076c00000,0x0000005076d00000)]
  0x00000246d4d9e4f0 JavaThread "Unconstrained build operations Thread 27" [_thread_in_native, id=10996, stack(0x0000005076d00000,0x0000005076e00000)]
  0x00000246d4da2bd0 JavaThread "Memory manager" [_thread_blocked, id=15088, stack(0x0000005077000000,0x0000005077100000)]
  0x00000246d4da1280 JavaThread "build event listener" [_thread_blocked, id=25424, stack(0x0000005076e00000,0x0000005076f00000)]
  0x00000246d4da21b0 JavaThread "ForkJoinPool.commonPool-worker-1" daemon [_thread_blocked, id=23200, stack(0x0000005071a00000,0x0000005071b00000)]
  0x00000246d4da26c0 JavaThread "ForkJoinPool.commonPool-worker-2" daemon [_thread_blocked, id=3884, stack(0x0000005071b00000,0x0000005071c00000)]
  0x00000246d4d9f420 JavaThread "ForkJoinPool.commonPool-worker-3" daemon [_thread_blocked, id=24412, stack(0x0000005077200000,0x0000005077300000)]
  0x00000246d4da4010 JavaThread "ForkJoinPool.commonPool-worker-4" daemon [_thread_blocked, id=13060, stack(0x0000005077300000,0x0000005077400000)]
  0x00000246d4da30e0 JavaThread "ForkJoinPool.commonPool-worker-5" daemon [_thread_blocked, id=10516, stack(0x0000005077400000,0x0000005077500000)]
  0x00000246d4da35f0 JavaThread "ForkJoinPool.commonPool-worker-6" daemon [_thread_blocked, id=2432, stack(0x0000005077500000,0x0000005077600000)]
  0x00000246d4da3b00 JavaThread "ForkJoinPool.commonPool-worker-7" daemon [_thread_blocked, id=12180, stack(0x0000005077600000,0x0000005077700000)]
  0x00000246d4b98c20 JavaThread "Exec process" [_thread_blocked, id=10232, stack(0x0000005077700000,0x0000005077800000)]
  0x00000246d4b99640 JavaThread "Exec process Thread 2" [_thread_blocked, id=3552, stack(0x0000005076f00000,0x0000005077000000)]
  0x00000246d4b9c3d0 JavaThread "Exec process Thread 3" [_thread_blocked, id=3644, stack(0x0000005077100000,0x0000005077200000)]
  0x00000246d4b9af90 JavaThread "included builds" [_thread_blocked, id=11872, stack(0x0000005077900000,0x0000005077a00000)]
  0x00000246d4b9a060 JavaThread "Execution worker" [_thread_blocked, id=14784, stack(0x0000005077a00000,0x0000005077b00000)]
  0x00000246d4b99b50 JavaThread "Execution worker Thread 2" [_thread_blocked, id=14832, stack(0x0000005077b00000,0x0000005077c00000)]
  0x00000246d4b9b4a0 JavaThread "Execution worker Thread 3" [_thread_blocked, id=14812, stack(0x0000005077c00000,0x0000005077d00000)]
  0x00000246d4b9b9b0 JavaThread "Execution worker Thread 4" [_thread_blocked, id=14808, stack(0x0000005077d00000,0x0000005077e00000)]
  0x00000246d4b9aa80 JavaThread "Execution worker Thread 5" [_thread_blocked, id=10884, stack(0x0000005077e00000,0x0000005077f00000)]
  0x00000246d4b9a570 JavaThread "Execution worker Thread 6" [_thread_blocked, id=22940, stack(0x0000005077f00000,0x0000005078000000)]
  0x00000246d4b9bec0 JavaThread "Execution worker Thread 7" [_thread_blocked, id=18376, stack(0x0000005078000000,0x0000005078100000)]
  0x00000246d75880a0 JavaThread "Cache worker for execution history cache (C:\Users\Yogesh\Desktop\Drive4U\RTR_Partner\node_modules\@react-native\gradle-plugin\.gradle\8.11.1\executionHistory)" [_thread_blocked, id=14732, stack(0x0000005078100000,0x0000005078200000)]
  0x00000246d7588ac0 JavaThread "Unconstrained build operations Thread 28" [_thread_blocked, id=8604, stack(0x0000005078300000,0x0000005078400000)]
  0x00000246d75885b0 JavaThread "Unconstrained build operations Thread 29" [_thread_blocked, id=21084, stack(0x0000005078400000,0x0000005078500000)]
  0x00000246d7588fd0 JavaThread "Unconstrained build operations Thread 30" [_thread_blocked, id=12524, stack(0x0000005078500000,0x0000005078600000)]
  0x00000246d75894e0 JavaThread "Unconstrained build operations Thread 31" [_thread_blocked, id=17020, stack(0x0000005078600000,0x0000005078700000)]
  0x00000246d758a920 JavaThread "Unconstrained build operations Thread 32" [_thread_blocked, id=10540, stack(0x0000005078700000,0x0000005078800000)]
  0x00000246d75899f0 JavaThread "Unconstrained build operations Thread 33" [_thread_blocked, id=24792, stack(0x0000005078800000,0x0000005078900000)]
  0x00000246d758ae30 JavaThread "Unconstrained build operations Thread 34" [_thread_blocked, id=24212, stack(0x0000005078900000,0x0000005078a00000)]
  0x00000246d7589f00 JavaThread "Unconstrained build operations Thread 35" [_thread_blocked, id=364, stack(0x0000005078a00000,0x0000005078b00000)]
  0x00000246d758b340 JavaThread "Unconstrained build operations Thread 36" [_thread_blocked, id=13920, stack(0x0000005078b00000,0x0000005078c00000)]
  0x00000246d758b850 JavaThread "Unconstrained build operations Thread 37" [_thread_blocked, id=24332, stack(0x0000005078c00000,0x0000005078d00000)]
  0x00000246d758a410 JavaThread "Unconstrained build operations Thread 38" [_thread_blocked, id=24156, stack(0x0000005078d00000,0x0000005078e00000)]
  0x00000246d69c7520 JavaThread "Unconstrained build operations Thread 39" [_thread_blocked, id=268, stack(0x0000005078e00000,0x0000005078f00000)]
  0x00000246d69c8960 JavaThread "Unconstrained build operations Thread 40" [_thread_blocked, id=25376, stack(0x0000005078f00000,0x0000005079000000)]
  0x00000246d69ca7c0 JavaThread "Unconstrained build operations Thread 41" [_thread_blocked, id=2328, stack(0x0000005078200000,0x0000005078300000)]
  0x00000246d69c9380 JavaThread "Unconstrained build operations Thread 42" [_thread_blocked, id=4964, stack(0x0000005079000000,0x0000005079100000)]
  0x00000246d69ca2b0 JavaThread "Unconstrained build operations Thread 43" [_thread_blocked, id=12748, stack(0x0000005077800000,0x0000005077900000)]
  0x00000246d69c9da0 JavaThread "Unconstrained build operations Thread 44" [_thread_blocked, id=16396, stack(0x0000005079100000,0x0000005079200000)]
  0x00000246d69c8e70 JavaThread "Unconstrained build operations Thread 45" [_thread_blocked, id=17336, stack(0x0000005079200000,0x0000005079300000)]
  0x00000246d69c9890 JavaThread "Unconstrained build operations Thread 46" [_thread_blocked, id=4912, stack(0x0000005079300000,0x0000005079400000)]
  0x00000246d69c7a30 JavaThread "Unconstrained build operations Thread 47" [_thread_blocked, id=10508, stack(0x0000005079400000,0x0000005079500000)]
  0x00000246d69c7010 JavaThread "Unconstrained build operations Thread 48" [_thread_blocked, id=22356, stack(0x0000005079500000,0x0000005079600000)]
  0x00000246d69cacd0 JavaThread "Unconstrained build operations Thread 49" [_thread_blocked, id=23604, stack(0x0000005079600000,0x0000005079700000)]
  0x00000246d69cb1e0 JavaThread "Unconstrained build operations Thread 50" [_thread_blocked, id=25368, stack(0x0000005079700000,0x0000005079800000)]
  0x00000246d69cb6f0 JavaThread "Unconstrained build operations Thread 51" [_thread_blocked, id=24624, stack(0x0000005079800000,0x0000005079900000)]
  0x00000246d69c7f40 JavaThread "Unconstrained build operations Thread 52" [_thread_blocked, id=11588, stack(0x0000005079900000,0x0000005079a00000)]
  0x00000246d69ce990 JavaThread "Unconstrained build operations Thread 53" [_thread_blocked, id=14312, stack(0x0000005079a00000,0x0000005079b00000)]
  0x00000246d69ccb30 JavaThread "Unconstrained build operations Thread 54" [_thread_blocked, id=1992, stack(0x0000005079b00000,0x0000005079c00000)]
  0x00000246d69cbc00 JavaThread "Unconstrained build operations Thread 55" [_thread_blocked, id=25040, stack(0x0000005079c00000,0x0000005079d00000)]
  0x00000246d69cda60 JavaThread "Unconstrained build operations Thread 56" [_thread_blocked, id=13916, stack(0x0000005079d00000,0x0000005079e00000)]
  0x00000246d69cc110 JavaThread "Unconstrained build operations Thread 57" [_thread_blocked, id=10580, stack(0x0000005079e00000,0x0000005079f00000)]
  0x00000246d69cd040 JavaThread "Unconstrained build operations Thread 58" [_thread_blocked, id=12420, stack(0x0000005079f00000,0x000000507a000000)]
  0x00000246d69cd550 JavaThread "Unconstrained build operations Thread 59" [_thread_blocked, id=24968, stack(0x000000507a000000,0x000000507a100000)]
  0x00000246d69cc620 JavaThread "Unconstrained build operations Thread 60" [_thread_blocked, id=11260, stack(0x000000507a100000,0x000000507a200000)]
  0x00000246d69cdf70 JavaThread "Unconstrained build operations Thread 61" [_thread_blocked, id=9492, stack(0x000000507a200000,0x000000507a300000)]
  0x00000246d69ce480 JavaThread "Unconstrained build operations Thread 62" [_thread_blocked, id=16440, stack(0x000000507a300000,0x000000507a400000)]
  0x00000246d5d081c0 JavaThread "Unconstrained build operations Thread 63" [_thread_blocked, id=8304, stack(0x000000507a400000,0x000000507a500000)]
  0x00000246d5d077a0 JavaThread "Unconstrained build operations Thread 64" [_thread_blocked, id=6864, stack(0x000000507a500000,0x000000507a600000)]
  0x00000246d5d090f0 JavaThread "Unconstrained build operations Thread 65" [_thread_blocked, id=24520, stack(0x000000507a600000,0x000000507a700000)]
  0x00000246d5d09600 JavaThread "Unconstrained build operations Thread 66" [_thread_blocked, id=2012, stack(0x000000507a700000,0x000000507a800000)]
  0x00000246d5d086d0 JavaThread "Unconstrained build operations Thread 67" [_thread_blocked, id=9408, stack(0x000000507a800000,0x000000507a900000)]
  0x00000246d5d06870 JavaThread "Unconstrained build operations Thread 68" [_thread_blocked, id=23944, stack(0x000000507a900000,0x000000507aa00000)]
  0x00000246d5d09b10 JavaThread "Unconstrained build operations Thread 69" [_thread_blocked, id=25132, stack(0x000000507aa00000,0x000000507ab00000)]
  0x00000246d5d08be0 JavaThread "Unconstrained build operations Thread 70" [_thread_blocked, id=3492, stack(0x000000507ab00000,0x000000507ac00000)]
  0x00000246d5d06360 JavaThread "Unconstrained build operations Thread 71" [_thread_blocked, id=25084, stack(0x000000507ac00000,0x000000507ad00000)]
  0x00000246d5d06d80 JavaThread "jar transforms Thread 4" [_thread_blocked, id=4364, stack(0x000000507ad00000,0x000000507ae00000)]
  0x00000246d4600240 JavaThread "jar transforms Thread 5" [_thread_blocked, id=24328, stack(0x000000507ae00000,0x000000507af00000)]
  0x00000246d5f77570 JavaThread "C2 CompilerThread1" daemon [_thread_in_native, id=25408, stack(0x000000507af00000,0x000000507b000000)]
  0x00000246d4600750 JavaThread "Unconstrained build operations Thread 72" [_thread_blocked, id=17504, stack(0x000000507b000000,0x000000507b100000)]
  0x00000246d45fded0 JavaThread "Unconstrained build operations Thread 73" [_thread_blocked, id=3324, stack(0x000000507b100000,0x000000507b200000)]
  0x00000246d45fcfa0 JavaThread "Unconstrained build operations Thread 74" [_thread_blocked, id=2332, stack(0x000000507b200000,0x000000507b300000)]
  0x00000246d4600c60 JavaThread "Unconstrained build operations Thread 75" [_thread_blocked, id=11592, stack(0x000000507b300000,0x000000507b400000)]
  0x00000246d45ff820 JavaThread "Unconstrained build operations Thread 76" [_thread_blocked, id=17468, stack(0x000000507b400000,0x000000507b500000)]
  0x00000246d45fd4b0 JavaThread "Unconstrained build operations Thread 77" [_thread_blocked, id=22228, stack(0x000000507b500000,0x000000507b600000)]
  0x00000246d45ffd30 JavaThread "Unconstrained build operations Thread 78" [_thread_blocked, id=17892, stack(0x000000507b600000,0x000000507b700000)]
  0x00000246d4601170 JavaThread "Unconstrained build operations Thread 79" [_thread_blocked, id=17096, stack(0x000000507b700000,0x000000507b800000)]
  0x00000246d45fd9c0 JavaThread "Unconstrained build operations Thread 80" [_thread_blocked, id=18040, stack(0x000000507b800000,0x000000507b900000)]

Other Threads:
  0x00000246b1cd58b0 VMThread "VM Thread" [stack: 0x0000005072200000,0x0000005072300000] [id=24732]
  0x000002469384d3f0 WatcherThread [stack: 0x0000005072e00000,0x0000005072f00000] [id=2952]
  0x00000246938ac700 GCTaskThread "GC Thread#0" [stack: 0x0000005071d00000,0x0000005071e00000] [id=5176]
  0x00000246d12d2550 GCTaskThread "GC Thread#1" [stack: 0x0000005072f00000,0x0000005073000000] [id=19856]
  0x00000246d16f6dd0 GCTaskThread "GC Thread#2" [stack: 0x0000005073000000,0x0000005073100000] [id=22660]
  0x00000246d16f7090 GCTaskThread "GC Thread#3" [stack: 0x0000005073100000,0x0000005073200000] [id=14672]
  0x00000246d16f7350 GCTaskThread "GC Thread#4" [stack: 0x0000005073200000,0x0000005073300000] [id=17092]
  0x00000246d16f7610 GCTaskThread "GC Thread#5" [stack: 0x0000005073300000,0x0000005073400000] [id=21024]
  0x00000246d3fa83a0 GCTaskThread "GC Thread#6" [stack: 0x0000005074300000,0x0000005074400000] [id=4736]
  0x00000246d3fa78a0 GCTaskThread "GC Thread#7" [stack: 0x0000005074600000,0x0000005074700000] [id=9292]
  0x00000246938bd560 ConcurrentGCThread "G1 Main Marker" [stack: 0x0000005071e00000,0x0000005071f00000] [id=24236]
  0x00000246938bde80 ConcurrentGCThread "G1 Conc#0" [stack: 0x0000005071f00000,0x0000005072000000] [id=17320]
  0x00000246d3fa7320 ConcurrentGCThread "G1 Conc#1" [stack: 0x0000005074700000,0x0000005074800000] [id=3952]
  0x00000246938fe160 ConcurrentGCThread "G1 Refine#0" [stack: 0x0000005072000000,0x0000005072100000] [id=24276]
  0x00000246938feaa0 ConcurrentGCThread "G1 Service" [stack: 0x0000005072100000,0x0000005072200000] [id=12568]

Threads with active compile tasks:
C2 CompilerThread0    75184 11616       4       org.gradle.cache.internal.ExclusiveCacheAccessingWorker$$Lambda$479/0x00000246b3443350::call (10 bytes)
C2 CompilerThread1    75185 11623   !   4       com.google.common.cache.LocalCache$Segment::storeLoadedValue (371 bytes)

VM state: not at safepoint (normal execution)

VM Mutex/Monitor currently owned by a thread: None

Heap address: 0x0000000080000000, size: 2048 MB, Compressed Oops mode: 32-bit

CDS archive(s) mapped at: [0x00000246b2000000-0x00000246b2bd0000-0x00000246b2bd0000), size 12386304, SharedBaseAddress: 0x00000246b2000000, ArchiveRelocationMode: 1.
Compressed class space mapped at: 0x00000246b3000000-0x00000246cd000000, reserved size: 436207616
Narrow klass base: 0x00000246b2000000, Narrow klass shift: 0, Narrow klass range: 0x100000000

GC Precious Log:
 CPUs: 8 total, 8 available
 Memory: 16026M
 Large Page Support: Disabled
 NUMA Support: Disabled
 Compressed Oops: Enabled (32-bit)
 Heap Region Size: 1M
 Heap Min Capacity: 8M
 Heap Initial Capacity: 252M
 Heap Max Capacity: 2G
 Pre-touch: Disabled
 Parallel Workers: 8
 Concurrent Workers: 2
 Concurrent Refinement Workers: 8
 Periodic GC: Disabled

Heap:
 garbage-first heap   total 238592K, used 110246K [0x0000000080000000, 0x0000000100000000)
  region size 1024K, 22 young (22528K), 2 survivors (2048K)
 Metaspace       used 72840K, committed 73728K, reserved 491520K
  class space    used 10269K, committed 10688K, reserved 425984K

Heap Regions: E=young(eden), S=young(survivor), O=old, HS=humongous(starts), HC=humongous(continues), CS=collection set, F=free, OA=open archive, CA=closed archive, TAMS=top-at-mark-start (previous, next)
|   0|0x0000000080000000, 0x0000000080100000, 0x0000000080100000|100%| O|  |TAMS 0x0000000080100000, 0x0000000080000000| Untracked 
|   1|0x0000000080100000, 0x0000000080200000, 0x0000000080200000|100%|HS|  |TAMS 0x0000000080200000, 0x0000000080100000| Complete 
|   2|0x0000000080200000, 0x0000000080300000, 0x0000000080300000|100%|HC|  |TAMS 0x0000000080300000, 0x0000000080200000| Complete 
|   3|0x0000000080300000, 0x0000000080400000, 0x0000000080400000|100%|HC|  |TAMS 0x0000000080400000, 0x0000000080300000| Complete 
|   4|0x0000000080400000, 0x0000000080500000, 0x0000000080500000|100%| O|  |TAMS 0x0000000080500000, 0x0000000080400000| Untracked 
|   5|0x0000000080500000, 0x0000000080600000, 0x0000000080600000|100%| O|  |TAMS 0x0000000080600000, 0x0000000080500000| Untracked 
|   6|0x0000000080600000, 0x0000000080700000, 0x0000000080700000|100%| O|  |TAMS 0x0000000080700000, 0x0000000080600000| Untracked 
|   7|0x0000000080700000, 0x0000000080800000, 0x0000000080800000|100%|HS|  |TAMS 0x0000000080800000, 0x0000000080700000| Complete 
|   8|0x0000000080800000, 0x0000000080900000, 0x0000000080900000|100%| O|  |TAMS 0x0000000080900000, 0x0000000080800000| Untracked 
|   9|0x0000000080900000, 0x0000000080a00000, 0x0000000080a00000|100%| O|  |TAMS 0x0000000080a00000, 0x0000000080900000| Untracked 
|  10|0x0000000080a00000, 0x0000000080b00000, 0x0000000080b00000|100%| O|  |TAMS 0x0000000080b00000, 0x0000000080a00000| Untracked 
|  11|0x0000000080b00000, 0x0000000080c00000, 0x0000000080c00000|100%| O|  |TAMS 0x0000000080c00000, 0x0000000080b00000| Untracked 
|  12|0x0000000080c00000, 0x0000000080ceb000, 0x0000000080d00000| 91%| O|  |TAMS 0x0000000080ceb000, 0x0000000080c00000| Untracked 
|  13|0x0000000080d00000, 0x0000000080e00000, 0x0000000080e00000|100%| O|  |TAMS 0x0000000080e00000, 0x0000000080d00000| Untracked 
|  14|0x0000000080e00000, 0x0000000080f00000, 0x0000000080f00000|100%| O|  |TAMS 0x0000000080f00000, 0x0000000080e00000| Untracked 
|  15|0x0000000080f00000, 0x0000000081000000, 0x0000000081000000|100%| O|  |TAMS 0x0000000081000000, 0x0000000080f00000| Untracked 
|  16|0x0000000081000000, 0x0000000081100000, 0x0000000081100000|100%| O|  |TAMS 0x0000000081100000, 0x0000000081000000| Untracked 
|  17|0x0000000081100000, 0x0000000081200000, 0x0000000081200000|100%| O|  |TAMS 0x0000000081200000, 0x0000000081100000| Untracked 
|  18|0x0000000081200000, 0x0000000081300000, 0x0000000081300000|100%| O|  |TAMS 0x0000000081300000, 0x0000000081200000| Untracked 
|  19|0x0000000081300000, 0x0000000081400000, 0x0000000081400000|100%| O|  |TAMS 0x0000000081400000, 0x0000000081300000| Untracked 
|  20|0x0000000081400000, 0x0000000081500000, 0x0000000081500000|100%| O|  |TAMS 0x0000000081500000, 0x0000000081400000| Untracked 
|  21|0x0000000081500000, 0x0000000081600000, 0x0000000081600000|100%| O|  |TAMS 0x0000000081600000, 0x0000000081500000| Untracked 
|  22|0x0000000081600000, 0x0000000081700000, 0x0000000081700000|100%| O|  |TAMS 0x0000000081700000, 0x0000000081600000| Untracked 
|  23|0x0000000081700000, 0x0000000081800000, 0x0000000081800000|100%| O|  |TAMS 0x0000000081800000, 0x0000000081700000| Untracked 
|  24|0x0000000081800000, 0x0000000081900000, 0x0000000081900000|100%| O|  |TAMS 0x0000000081900000, 0x0000000081800000| Untracked 
|  25|0x0000000081900000, 0x0000000081a00000, 0x0000000081a00000|100%| O|  |TAMS 0x0000000081a00000, 0x0000000081900000| Untracked 
|  26|0x0000000081a00000, 0x0000000081b00000, 0x0000000081b00000|100%| O|  |TAMS 0x0000000081b00000, 0x0000000081a00000| Untracked 
|  27|0x0000000081b00000, 0x0000000081c00000, 0x0000000081c00000|100%| O|  |TAMS 0x0000000081c00000, 0x0000000081b00000| Untracked 
|  28|0x0000000081c00000, 0x0000000081d00000, 0x0000000081d00000|100%| O|  |TAMS 0x0000000081d00000, 0x0000000081c00000| Untracked 
|  29|0x0000000081d00000, 0x0000000081e00000, 0x0000000081e00000|100%| O|  |TAMS 0x0000000081e00000, 0x0000000081d00000| Untracked 
|  30|0x0000000081e00000, 0x0000000081f00000, 0x0000000081f00000|100%| O|  |TAMS 0x0000000081f00000, 0x0000000081e00000| Untracked 
|  31|0x0000000081f00000, 0x0000000082000000, 0x0000000082000000|100%| O|  |TAMS 0x0000000082000000, 0x0000000081f00000| Untracked 
|  32|0x0000000082000000, 0x0000000082100000, 0x0000000082100000|100%| O|  |TAMS 0x0000000082100000, 0x0000000082000000| Untracked 
|  33|0x0000000082100000, 0x0000000082200000, 0x0000000082200000|100%| O|  |TAMS 0x0000000082200000, 0x0000000082100000| Untracked 
|  34|0x0000000082200000, 0x0000000082300000, 0x0000000082300000|100%| O|  |TAMS 0x0000000082300000, 0x0000000082200000| Untracked 
|  35|0x0000000082300000, 0x0000000082400000, 0x0000000082400000|100%| O|  |TAMS 0x0000000082400000, 0x0000000082300000| Untracked 
|  36|0x0000000082400000, 0x0000000082500000, 0x0000000082500000|100%| O|  |TAMS 0x0000000082500000, 0x0000000082400000| Untracked 
|  37|0x0000000082500000, 0x0000000082600000, 0x0000000082600000|100%| O|  |TAMS 0x0000000082600000, 0x0000000082500000| Untracked 
|  38|0x0000000082600000, 0x0000000082700000, 0x0000000082700000|100%| O|  |TAMS 0x0000000082700000, 0x0000000082600000| Untracked 
|  39|0x0000000082700000, 0x0000000082800000, 0x0000000082800000|100%| O|  |TAMS 0x0000000082800000, 0x0000000082700000| Untracked 
|  40|0x0000000082800000, 0x0000000082900000, 0x0000000082900000|100%| O|  |TAMS 0x0000000082900000, 0x0000000082800000| Untracked 
|  41|0x0000000082900000, 0x0000000082a00000, 0x0000000082a00000|100%| O|  |TAMS 0x0000000082a00000, 0x0000000082900000| Untracked 
|  42|0x0000000082a00000, 0x0000000082b00000, 0x0000000082b00000|100%| O|  |TAMS 0x0000000082b00000, 0x0000000082a00000| Untracked 
|  43|0x0000000082b00000, 0x0000000082c00000, 0x0000000082c00000|100%| O|  |TAMS 0x0000000082c00000, 0x0000000082b00000| Untracked 
|  44|0x0000000082c00000, 0x0000000082d00000, 0x0000000082d00000|100%| O|  |TAMS 0x0000000082d00000, 0x0000000082c00000| Untracked 
|  45|0x0000000082d00000, 0x0000000082e00000, 0x0000000082e00000|100%| O|  |TAMS 0x0000000082e00000, 0x0000000082d00000| Untracked 
|  46|0x0000000082e00000, 0x0000000082f00000, 0x0000000082f00000|100%|HS|  |TAMS 0x0000000082f00000, 0x0000000082e00000| Complete 
|  47|0x0000000082f00000, 0x0000000083000000, 0x0000000083000000|100%|HC|  |TAMS 0x0000000083000000, 0x0000000082f00000| Complete 
|  48|0x0000000083000000, 0x0000000083100000, 0x0000000083100000|100%|HS|  |TAMS 0x0000000083100000, 0x0000000083000000| Complete 
|  49|0x0000000083100000, 0x0000000083200000, 0x0000000083200000|100%|HC|  |TAMS 0x0000000083200000, 0x0000000083100000| Complete 
|  50|0x0000000083200000, 0x0000000083300000, 0x0000000083300000|100%| O|  |TAMS 0x0000000083300000, 0x0000000083200000| Untracked 
|  51|0x0000000083300000, 0x0000000083400000, 0x0000000083400000|100%| O|  |TAMS 0x0000000083400000, 0x0000000083300000| Untracked 
|  52|0x0000000083400000, 0x0000000083500000, 0x0000000083500000|100%| O|  |TAMS 0x0000000083500000, 0x0000000083400000| Untracked 
|  53|0x0000000083500000, 0x0000000083600000, 0x0000000083600000|100%|HS|  |TAMS 0x0000000083600000, 0x0000000083500000| Complete 
|  54|0x0000000083600000, 0x0000000083700000, 0x0000000083700000|100%|HC|  |TAMS 0x0000000083700000, 0x0000000083600000| Complete 
|  55|0x0000000083700000, 0x0000000083800000, 0x0000000083800000|100%|HC|  |TAMS 0x0000000083800000, 0x0000000083700000| Complete 
|  56|0x0000000083800000, 0x0000000083900000, 0x0000000083900000|100%|HC|  |TAMS 0x0000000083900000, 0x0000000083800000| Complete 
|  57|0x0000000083900000, 0x0000000083a00000, 0x0000000083a00000|100%|HS|  |TAMS 0x0000000083a00000, 0x0000000083900000| Complete 
|  58|0x0000000083a00000, 0x0000000083b00000, 0x0000000083b00000|100%|HC|  |TAMS 0x0000000083b00000, 0x0000000083a00000| Complete 
|  59|0x0000000083b00000, 0x0000000083c00000, 0x0000000083c00000|100%|HC|  |TAMS 0x0000000083c00000, 0x0000000083b00000| Complete 
|  60|0x0000000083c00000, 0x0000000083d00000, 0x0000000083d00000|100%|HC|  |TAMS 0x0000000083d00000, 0x0000000083c00000| Complete 
|  61|0x0000000083d00000, 0x0000000083e00000, 0x0000000083e00000|100%| O|  |TAMS 0x0000000083e00000, 0x0000000083d00000| Untracked 
|  62|0x0000000083e00000, 0x0000000083f00000, 0x0000000083f00000|100%| O|  |TAMS 0x0000000083f00000, 0x0000000083e00000| Untracked 
|  63|0x0000000083f00000, 0x0000000083f00000, 0x0000000084000000|  0%| F|  |TAMS 0x0000000083f00000, 0x0000000083f00000| Untracked 
|  64|0x0000000084000000, 0x0000000084100000, 0x0000000084100000|100%| O|  |TAMS 0x0000000084100000, 0x0000000084000000| Untracked 
|  65|0x0000000084100000, 0x0000000084200000, 0x0000000084200000|100%| O|  |TAMS 0x0000000084200000, 0x0000000084100000| Untracked 
|  66|0x0000000084200000, 0x0000000084300000, 0x0000000084300000|100%| O|  |TAMS 0x0000000084300000, 0x0000000084200000| Untracked 
|  67|0x0000000084300000, 0x0000000084400000, 0x0000000084400000|100%| O|  |TAMS 0x0000000084400000, 0x0000000084300000| Untracked 
|  68|0x0000000084400000, 0x0000000084500000, 0x0000000084500000|100%| O|  |TAMS 0x0000000084500000, 0x0000000084400000| Untracked 
|  69|0x0000000084500000, 0x0000000084600000, 0x0000000084600000|100%| O|  |TAMS 0x0000000084600000, 0x0000000084500000| Untracked 
|  70|0x0000000084600000, 0x0000000084700000, 0x0000000084700000|100%| O|  |TAMS 0x0000000084700000, 0x0000000084600000| Untracked 
|  71|0x0000000084700000, 0x0000000084800000, 0x0000000084800000|100%| O|  |TAMS 0x0000000084800000, 0x0000000084700000| Untracked 
|  72|0x0000000084800000, 0x0000000084900000, 0x0000000084900000|100%| O|  |TAMS 0x0000000084900000, 0x0000000084800000| Untracked 
|  73|0x0000000084900000, 0x0000000084a00000, 0x0000000084a00000|100%| O|  |TAMS 0x0000000084a00000, 0x0000000084900000| Untracked 
|  74|0x0000000084a00000, 0x0000000084b00000, 0x0000000084b00000|100%| O|  |TAMS 0x0000000084b00000, 0x0000000084a00000| Untracked 
|  75|0x0000000084b00000, 0x0000000084c00000, 0x0000000084c00000|100%| O|  |TAMS 0x0000000084c00000, 0x0000000084b00000| Untracked 
|  76|0x0000000084c00000, 0x0000000084d00000, 0x0000000084d00000|100%| O|  |TAMS 0x0000000084d00000, 0x0000000084c00000| Untracked 
|  77|0x0000000084d00000, 0x0000000084d00000, 0x0000000084e00000|  0%| F|  |TAMS 0x0000000084d00000, 0x0000000084d00000| Untracked 
|  78|0x0000000084e00000, 0x0000000084f00000, 0x0000000084f00000|100%| O|  |TAMS 0x0000000084f00000, 0x0000000084e00000| Untracked 
|  79|0x0000000084f00000, 0x0000000085000000, 0x0000000085000000|100%| O|  |TAMS 0x0000000085000000, 0x0000000084f00000| Untracked 
|  80|0x0000000085000000, 0x0000000085100000, 0x0000000085100000|100%| O|  |TAMS 0x0000000085100000, 0x0000000085000000| Untracked 
|  81|0x0000000085100000, 0x0000000085100000, 0x0000000085200000|  0%| F|  |TAMS 0x0000000085100000, 0x0000000085100000| Untracked 
|  82|0x0000000085200000, 0x0000000085300000, 0x0000000085300000|100%| O|  |TAMS 0x0000000085300000, 0x0000000085200000| Untracked 
|  83|0x0000000085300000, 0x0000000085400000, 0x0000000085400000|100%| O|  |TAMS 0x0000000085400000, 0x0000000085300000| Untracked 
|  84|0x0000000085400000, 0x0000000085500000, 0x0000000085500000|100%| O|  |TAMS 0x0000000085500000, 0x0000000085400000| Untracked 
|  85|0x0000000085500000, 0x0000000085600000, 0x0000000085600000|100%| O|  |TAMS 0x0000000085561a00, 0x0000000085500000| Untracked 
|  86|0x0000000085600000, 0x0000000085700000, 0x0000000085700000|100%| O|  |TAMS 0x0000000085600000, 0x0000000085600000| Untracked 
|  87|0x0000000085700000, 0x0000000085800000, 0x0000000085800000|100%| O|  |TAMS 0x0000000085700000, 0x0000000085700000| Untracked 
|  88|0x0000000085800000, 0x0000000085900000, 0x0000000085900000|100%| O|  |TAMS 0x0000000085800000, 0x0000000085800000| Untracked 
|  89|0x0000000085900000, 0x0000000085a00000, 0x0000000085a00000|100%| O|  |TAMS 0x0000000085900000, 0x0000000085900000| Untracked 
|  90|0x0000000085a00000, 0x0000000085abea00, 0x0000000085b00000| 74%| O|  |TAMS 0x0000000085a00000, 0x0000000085a00000| Untracked 
|  91|0x0000000085b00000, 0x0000000085b00000, 0x0000000085c00000|  0%| F|  |TAMS 0x0000000085b00000, 0x0000000085b00000| Untracked 
|  92|0x0000000085c00000, 0x0000000085c00000, 0x0000000085d00000|  0%| F|  |TAMS 0x0000000085c00000, 0x0000000085c00000| Untracked 
|  93|0x0000000085d00000, 0x0000000085d00000, 0x0000000085e00000|  0%| F|  |TAMS 0x0000000085d00000, 0x0000000085d00000| Untracked 
|  94|0x0000000085e00000, 0x0000000085e00000, 0x0000000085f00000|  0%| F|  |TAMS 0x0000000085e00000, 0x0000000085e00000| Untracked 
|  95|0x0000000085f00000, 0x0000000085f00000, 0x0000000086000000|  0%| F|  |TAMS 0x0000000085f00000, 0x0000000085f00000| Untracked 
|  96|0x0000000086000000, 0x0000000086000000, 0x0000000086100000|  0%| F|  |TAMS 0x0000000086000000, 0x0000000086000000| Untracked 
|  97|0x0000000086100000, 0x0000000086100000, 0x0000000086200000|  0%| F|  |TAMS 0x0000000086100000, 0x0000000086100000| Untracked 
|  98|0x0000000086200000, 0x0000000086200000, 0x0000000086300000|  0%| F|  |TAMS 0x0000000086200000, 0x0000000086200000| Untracked 
|  99|0x0000000086300000, 0x0000000086300000, 0x0000000086400000|  0%| F|  |TAMS 0x0000000086300000, 0x0000000086300000| Untracked 
| 100|0x0000000086400000, 0x0000000086400000, 0x0000000086500000|  0%| F|  |TAMS 0x0000000086400000, 0x0000000086400000| Untracked 
| 101|0x0000000086500000, 0x0000000086500000, 0x0000000086600000|  0%| F|  |TAMS 0x0000000086500000, 0x0000000086500000| Untracked 
| 102|0x0000000086600000, 0x0000000086600000, 0x0000000086700000|  0%| F|  |TAMS 0x0000000086600000, 0x0000000086600000| Untracked 
| 103|0x0000000086700000, 0x0000000086700000, 0x0000000086800000|  0%| F|  |TAMS 0x0000000086700000, 0x0000000086700000| Untracked 
| 104|0x0000000086800000, 0x0000000086800000, 0x0000000086900000|  0%| F|  |TAMS 0x0000000086800000, 0x0000000086800000| Untracked 
| 105|0x0000000086900000, 0x0000000086900000, 0x0000000086a00000|  0%| F|  |TAMS 0x0000000086900000, 0x0000000086900000| Untracked 
| 106|0x0000000086a00000, 0x0000000086a00000, 0x0000000086b00000|  0%| F|  |TAMS 0x0000000086a00000, 0x0000000086a00000| Untracked 
| 107|0x0000000086b00000, 0x0000000086b00000, 0x0000000086c00000|  0%| F|  |TAMS 0x0000000086b00000, 0x0000000086b00000| Untracked 
| 108|0x0000000086c00000, 0x0000000086c00000, 0x0000000086d00000|  0%| F|  |TAMS 0x0000000086c00000, 0x0000000086c00000| Untracked 
| 109|0x0000000086d00000, 0x0000000086d00000, 0x0000000086e00000|  0%| F|  |TAMS 0x0000000086d00000, 0x0000000086d00000| Untracked 
| 110|0x0000000086e00000, 0x0000000086e00000, 0x0000000086f00000|  0%| F|  |TAMS 0x0000000086e00000, 0x0000000086e00000| Untracked 
| 111|0x0000000086f00000, 0x0000000086f00000, 0x0000000087000000|  0%| F|  |TAMS 0x0000000086f00000, 0x0000000086f00000| Untracked 
| 112|0x0000000087000000, 0x0000000087000000, 0x0000000087100000|  0%| F|  |TAMS 0x0000000087000000, 0x0000000087000000| Untracked 
| 113|0x0000000087100000, 0x0000000087100000, 0x0000000087200000|  0%| F|  |TAMS 0x0000000087100000, 0x0000000087100000| Untracked 
| 114|0x0000000087200000, 0x0000000087200000, 0x0000000087300000|  0%| F|  |TAMS 0x0000000087200000, 0x0000000087200000| Untracked 
| 115|0x0000000087300000, 0x0000000087300000, 0x0000000087400000|  0%| F|  |TAMS 0x0000000087300000, 0x0000000087300000| Untracked 
| 116|0x0000000087400000, 0x0000000087400000, 0x0000000087500000|  0%| F|  |TAMS 0x0000000087400000, 0x0000000087400000| Untracked 
| 117|0x0000000087500000, 0x0000000087500000, 0x0000000087600000|  0%| F|  |TAMS 0x0000000087500000, 0x0000000087500000| Untracked 
| 118|0x0000000087600000, 0x0000000087600000, 0x0000000087700000|  0%| F|  |TAMS 0x0000000087600000, 0x0000000087600000| Untracked 
| 119|0x0000000087700000, 0x0000000087700000, 0x0000000087800000|  0%| F|  |TAMS 0x0000000087700000, 0x0000000087700000| Untracked 
| 120|0x0000000087800000, 0x0000000087800000, 0x0000000087900000|  0%| F|  |TAMS 0x0000000087800000, 0x0000000087800000| Untracked 
| 121|0x0000000087900000, 0x0000000087900000, 0x0000000087a00000|  0%| F|  |TAMS 0x0000000087900000, 0x0000000087900000| Untracked 
| 122|0x0000000087a00000, 0x0000000087a00000, 0x0000000087b00000|  0%| F|  |TAMS 0x0000000087a00000, 0x0000000087a00000| Untracked 
| 123|0x0000000087b00000, 0x0000000087b00000, 0x0000000087c00000|  0%| F|  |TAMS 0x0000000087b00000, 0x0000000087b00000| Untracked 
| 124|0x0000000087c00000, 0x0000000087c00000, 0x0000000087d00000|  0%| F|  |TAMS 0x0000000087c00000, 0x0000000087c00000| Untracked 
| 125|0x0000000087d00000, 0x0000000087d00000, 0x0000000087e00000|  0%| F|  |TAMS 0x0000000087d00000, 0x0000000087d00000| Untracked 
| 126|0x0000000087e00000, 0x0000000087e00000, 0x0000000087f00000|  0%| F|  |TAMS 0x0000000087e00000, 0x0000000087e00000| Untracked 
| 127|0x0000000087f00000, 0x0000000087f00000, 0x0000000088000000|  0%| F|  |TAMS 0x0000000087f00000, 0x0000000087f00000| Untracked 
| 128|0x0000000088000000, 0x0000000088000000, 0x0000000088100000|  0%| F|  |TAMS 0x0000000088000000, 0x0000000088000000| Untracked 
| 129|0x0000000088100000, 0x0000000088100000, 0x0000000088200000|  0%| F|  |TAMS 0x0000000088100000, 0x0000000088100000| Untracked 
| 130|0x0000000088200000, 0x0000000088200000, 0x0000000088300000|  0%| F|  |TAMS 0x0000000088200000, 0x0000000088200000| Untracked 
| 131|0x0000000088300000, 0x0000000088300000, 0x0000000088400000|  0%| F|  |TAMS 0x0000000088300000, 0x0000000088300000| Untracked 
| 132|0x0000000088400000, 0x0000000088400000, 0x0000000088500000|  0%| F|  |TAMS 0x0000000088400000, 0x0000000088400000| Untracked 
| 133|0x0000000088500000, 0x0000000088500000, 0x0000000088600000|  0%| F|  |TAMS 0x0000000088500000, 0x0000000088500000| Untracked 
| 134|0x0000000088600000, 0x0000000088600000, 0x0000000088700000|  0%| F|  |TAMS 0x0000000088600000, 0x0000000088600000| Untracked 
| 135|0x0000000088700000, 0x0000000088700000, 0x0000000088800000|  0%| F|  |TAMS 0x0000000088700000, 0x0000000088700000| Untracked 
| 136|0x0000000088800000, 0x0000000088800000, 0x0000000088900000|  0%| F|  |TAMS 0x0000000088800000, 0x0000000088800000| Untracked 
| 137|0x0000000088900000, 0x0000000088900000, 0x0000000088a00000|  0%| F|  |TAMS 0x0000000088900000, 0x0000000088900000| Untracked 
| 138|0x0000000088a00000, 0x0000000088a00000, 0x0000000088b00000|  0%| F|  |TAMS 0x0000000088a00000, 0x0000000088a00000| Untracked 
| 139|0x0000000088b00000, 0x0000000088b00000, 0x0000000088c00000|  0%| F|  |TAMS 0x0000000088b00000, 0x0000000088b00000| Untracked 
| 140|0x0000000088c00000, 0x0000000088c00000, 0x0000000088d00000|  0%| F|  |TAMS 0x0000000088c00000, 0x0000000088c00000| Untracked 
| 141|0x0000000088d00000, 0x0000000088d00000, 0x0000000088e00000|  0%| F|  |TAMS 0x0000000088d00000, 0x0000000088d00000| Untracked 
| 142|0x0000000088e00000, 0x0000000088e00000, 0x0000000088f00000|  0%| F|  |TAMS 0x0000000088e00000, 0x0000000088e00000| Untracked 
| 143|0x0000000088f00000, 0x0000000088f00000, 0x0000000089000000|  0%| F|  |TAMS 0x0000000088f00000, 0x0000000088f00000| Untracked 
| 144|0x0000000089000000, 0x0000000089000000, 0x0000000089100000|  0%| F|  |TAMS 0x0000000089000000, 0x0000000089000000| Untracked 
| 145|0x0000000089100000, 0x0000000089100000, 0x0000000089200000|  0%| F|  |TAMS 0x0000000089100000, 0x0000000089100000| Untracked 
| 146|0x0000000089200000, 0x0000000089200000, 0x0000000089300000|  0%| F|  |TAMS 0x0000000089200000, 0x0000000089200000| Untracked 
| 147|0x0000000089300000, 0x0000000089300000, 0x0000000089400000|  0%| F|  |TAMS 0x0000000089300000, 0x0000000089300000| Untracked 
| 148|0x0000000089400000, 0x0000000089400000, 0x0000000089500000|  0%| F|  |TAMS 0x0000000089400000, 0x0000000089400000| Untracked 
| 149|0x0000000089500000, 0x0000000089500000, 0x0000000089600000|  0%| F|  |TAMS 0x0000000089500000, 0x0000000089500000| Untracked 
| 150|0x0000000089600000, 0x0000000089600000, 0x0000000089700000|  0%| F|  |TAMS 0x0000000089600000, 0x0000000089600000| Untracked 
| 151|0x0000000089700000, 0x0000000089700000, 0x0000000089800000|  0%| F|  |TAMS 0x0000000089700000, 0x0000000089700000| Untracked 
| 152|0x0000000089800000, 0x0000000089800000, 0x0000000089900000|  0%| F|  |TAMS 0x0000000089800000, 0x0000000089800000| Untracked 
| 153|0x0000000089900000, 0x0000000089900000, 0x0000000089a00000|  0%| F|  |TAMS 0x0000000089900000, 0x0000000089900000| Untracked 
| 154|0x0000000089a00000, 0x0000000089a00000, 0x0000000089b00000|  0%| F|  |TAMS 0x0000000089a00000, 0x0000000089a00000| Untracked 
| 155|0x0000000089b00000, 0x0000000089b00000, 0x0000000089c00000|  0%| F|  |TAMS 0x0000000089b00000, 0x0000000089b00000| Untracked 
| 156|0x0000000089c00000, 0x0000000089c00000, 0x0000000089d00000|  0%| F|  |TAMS 0x0000000089c00000, 0x0000000089c00000| Untracked 
| 157|0x0000000089d00000, 0x0000000089d00000, 0x0000000089e00000|  0%| F|  |TAMS 0x0000000089d00000, 0x0000000089d00000| Untracked 
| 158|0x0000000089e00000, 0x0000000089e00000, 0x0000000089f00000|  0%| F|  |TAMS 0x0000000089e00000, 0x0000000089e00000| Untracked 
| 159|0x0000000089f00000, 0x0000000089f00000, 0x000000008a000000|  0%| F|  |TAMS 0x0000000089f00000, 0x0000000089f00000| Untracked 
| 160|0x000000008a000000, 0x000000008a000000, 0x000000008a100000|  0%| F|  |TAMS 0x000000008a000000, 0x000000008a000000| Untracked 
| 161|0x000000008a100000, 0x000000008a100000, 0x000000008a200000|  0%| F|  |TAMS 0x000000008a100000, 0x000000008a100000| Untracked 
| 162|0x000000008a200000, 0x000000008a200000, 0x000000008a300000|  0%| F|  |TAMS 0x000000008a200000, 0x000000008a200000| Untracked 
| 163|0x000000008a300000, 0x000000008a300000, 0x000000008a400000|  0%| F|  |TAMS 0x000000008a300000, 0x000000008a300000| Untracked 
| 164|0x000000008a400000, 0x000000008a400000, 0x000000008a500000|  0%| F|  |TAMS 0x000000008a400000, 0x000000008a400000| Untracked 
| 165|0x000000008a500000, 0x000000008a500000, 0x000000008a600000|  0%| F|  |TAMS 0x000000008a500000, 0x000000008a500000| Untracked 
| 166|0x000000008a600000, 0x000000008a600000, 0x000000008a700000|  0%| F|  |TAMS 0x000000008a600000, 0x000000008a600000| Untracked 
| 167|0x000000008a700000, 0x000000008a700000, 0x000000008a800000|  0%| F|  |TAMS 0x000000008a700000, 0x000000008a700000| Untracked 
| 168|0x000000008a800000, 0x000000008a800000, 0x000000008a900000|  0%| F|  |TAMS 0x000000008a800000, 0x000000008a800000| Untracked 
| 169|0x000000008a900000, 0x000000008a900000, 0x000000008aa00000|  0%| F|  |TAMS 0x000000008a900000, 0x000000008a900000| Untracked 
| 170|0x000000008aa00000, 0x000000008aa00000, 0x000000008ab00000|  0%| F|  |TAMS 0x000000008aa00000, 0x000000008aa00000| Untracked 
| 171|0x000000008ab00000, 0x000000008ab00000, 0x000000008ac00000|  0%| F|  |TAMS 0x000000008ab00000, 0x000000008ab00000| Untracked 
| 172|0x000000008ac00000, 0x000000008ac00000, 0x000000008ad00000|  0%| F|  |TAMS 0x000000008ac00000, 0x000000008ac00000| Untracked 
| 173|0x000000008ad00000, 0x000000008ad00000, 0x000000008ae00000|  0%| F|  |TAMS 0x000000008ad00000, 0x000000008ad00000| Untracked 
| 174|0x000000008ae00000, 0x000000008ae00000, 0x000000008af00000|  0%| F|  |TAMS 0x000000008ae00000, 0x000000008ae00000| Untracked 
| 175|0x000000008af00000, 0x000000008af00000, 0x000000008b000000|  0%| F|  |TAMS 0x000000008af00000, 0x000000008af00000| Untracked 
| 176|0x000000008b000000, 0x000000008b000000, 0x000000008b100000|  0%| F|  |TAMS 0x000000008b000000, 0x000000008b000000| Untracked 
| 177|0x000000008b100000, 0x000000008b100000, 0x000000008b200000|  0%| F|  |TAMS 0x000000008b100000, 0x000000008b100000| Untracked 
| 178|0x000000008b200000, 0x000000008b200000, 0x000000008b300000|  0%| F|  |TAMS 0x000000008b200000, 0x000000008b200000| Untracked 
| 179|0x000000008b300000, 0x000000008b300000, 0x000000008b400000|  0%| F|  |TAMS 0x000000008b300000, 0x000000008b300000| Untracked 
| 180|0x000000008b400000, 0x000000008b400000, 0x000000008b500000|  0%| F|  |TAMS 0x000000008b400000, 0x000000008b400000| Untracked 
| 181|0x000000008b500000, 0x000000008b500000, 0x000000008b600000|  0%| F|  |TAMS 0x000000008b500000, 0x000000008b500000| Untracked 
| 182|0x000000008b600000, 0x000000008b600000, 0x000000008b700000|  0%| F|  |TAMS 0x000000008b600000, 0x000000008b600000| Untracked 
| 183|0x000000008b700000, 0x000000008b700000, 0x000000008b800000|  0%| F|  |TAMS 0x000000008b700000, 0x000000008b700000| Untracked 
| 184|0x000000008b800000, 0x000000008b800000, 0x000000008b900000|  0%| F|  |TAMS 0x000000008b800000, 0x000000008b800000| Untracked 
| 185|0x000000008b900000, 0x000000008b900000, 0x000000008ba00000|  0%| F|  |TAMS 0x000000008b900000, 0x000000008b900000| Untracked 
| 186|0x000000008ba00000, 0x000000008ba00000, 0x000000008bb00000|  0%| F|  |TAMS 0x000000008ba00000, 0x000000008ba00000| Untracked 
| 187|0x000000008bb00000, 0x000000008bb00000, 0x000000008bc00000|  0%| F|  |TAMS 0x000000008bb00000, 0x000000008bb00000| Untracked 
| 188|0x000000008bc00000, 0x000000008bc00000, 0x000000008bd00000|  0%| F|  |TAMS 0x000000008bc00000, 0x000000008bc00000| Untracked 
| 189|0x000000008bd00000, 0x000000008bd00000, 0x000000008be00000|  0%| F|  |TAMS 0x000000008bd00000, 0x000000008bd00000| Untracked 
| 190|0x000000008be00000, 0x000000008be00000, 0x000000008bf00000|  0%| F|  |TAMS 0x000000008be00000, 0x000000008be00000| Untracked 
| 191|0x000000008bf00000, 0x000000008bf00000, 0x000000008c000000|  0%| F|  |TAMS 0x000000008bf00000, 0x000000008bf00000| Untracked 
| 192|0x000000008c000000, 0x000000008c000000, 0x000000008c100000|  0%| F|  |TAMS 0x000000008c000000, 0x000000008c000000| Untracked 
| 193|0x000000008c100000, 0x000000008c100000, 0x000000008c200000|  0%| F|  |TAMS 0x000000008c100000, 0x000000008c100000| Untracked 
| 194|0x000000008c200000, 0x000000008c200000, 0x000000008c300000|  0%| F|  |TAMS 0x000000008c200000, 0x000000008c200000| Untracked 
| 195|0x000000008c300000, 0x000000008c300000, 0x000000008c400000|  0%| F|  |TAMS 0x000000008c300000, 0x000000008c300000| Untracked 
| 196|0x000000008c400000, 0x000000008c400000, 0x000000008c500000|  0%| F|  |TAMS 0x000000008c400000, 0x000000008c400000| Untracked 
| 197|0x000000008c500000, 0x000000008c500000, 0x000000008c600000|  0%| F|  |TAMS 0x000000008c500000, 0x000000008c500000| Untracked 
| 198|0x000000008c600000, 0x000000008c600000, 0x000000008c700000|  0%| F|  |TAMS 0x000000008c600000, 0x000000008c600000| Untracked 
| 199|0x000000008c700000, 0x000000008c700000, 0x000000008c800000|  0%| F|  |TAMS 0x000000008c700000, 0x000000008c700000| Untracked 
| 200|0x000000008c800000, 0x000000008c800000, 0x000000008c900000|  0%| F|  |TAMS 0x000000008c800000, 0x000000008c800000| Untracked 
| 201|0x000000008c900000, 0x000000008c900000, 0x000000008ca00000|  0%| F|  |TAMS 0x000000008c900000, 0x000000008c900000| Untracked 
| 202|0x000000008ca00000, 0x000000008ca00000, 0x000000008cb00000|  0%| F|  |TAMS 0x000000008ca00000, 0x000000008ca00000| Untracked 
| 203|0x000000008cb00000, 0x000000008cb00000, 0x000000008cc00000|  0%| F|  |TAMS 0x000000008cb00000, 0x000000008cb00000| Untracked 
| 204|0x000000008cc00000, 0x000000008cc00000, 0x000000008cd00000|  0%| F|  |TAMS 0x000000008cc00000, 0x000000008cc00000| Untracked 
| 205|0x000000008cd00000, 0x000000008cd00000, 0x000000008ce00000|  0%| F|  |TAMS 0x000000008cd00000, 0x000000008cd00000| Untracked 
| 206|0x000000008ce00000, 0x000000008ce00000, 0x000000008cf00000|  0%| F|  |TAMS 0x000000008ce00000, 0x000000008ce00000| Untracked 
| 207|0x000000008cf00000, 0x000000008cf00000, 0x000000008d000000|  0%| F|  |TAMS 0x000000008cf00000, 0x000000008cf00000| Untracked 
| 208|0x000000008d000000, 0x000000008d000000, 0x000000008d100000|  0%| F|  |TAMS 0x000000008d000000, 0x000000008d000000| Untracked 
| 209|0x000000008d100000, 0x000000008d166670, 0x000000008d200000| 40%| E|  |TAMS 0x000000008d100000, 0x000000008d100000| Complete 
| 210|0x000000008d200000, 0x000000008d300000, 0x000000008d300000|100%| E|CS|TAMS 0x000000008d200000, 0x000000008d200000| Complete 
| 211|0x000000008d300000, 0x000000008d400000, 0x000000008d400000|100%| E|CS|TAMS 0x000000008d300000, 0x000000008d300000| Complete 
| 212|0x000000008d400000, 0x000000008d500000, 0x000000008d500000|100%| E|CS|TAMS 0x000000008d400000, 0x000000008d400000| Complete 
| 213|0x000000008d500000, 0x000000008d600000, 0x000000008d600000|100%| E|CS|TAMS 0x000000008d500000, 0x000000008d500000| Complete 
| 214|0x000000008d600000, 0x000000008d700000, 0x000000008d700000|100%| E|CS|TAMS 0x000000008d600000, 0x000000008d600000| Complete 
| 215|0x000000008d700000, 0x000000008d800000, 0x000000008d800000|100%| E|CS|TAMS 0x000000008d700000, 0x000000008d700000| Complete 
| 216|0x000000008d800000, 0x000000008d900000, 0x000000008d900000|100%| E|CS|TAMS 0x000000008d800000, 0x000000008d800000| Complete 
| 217|0x000000008d900000, 0x000000008da00000, 0x000000008da00000|100%| E|CS|TAMS 0x000000008d900000, 0x000000008d900000| Complete 
| 218|0x000000008da00000, 0x000000008db00000, 0x000000008db00000|100%| E|CS|TAMS 0x000000008da00000, 0x000000008da00000| Complete 
| 219|0x000000008db00000, 0x000000008dc00000, 0x000000008dc00000|100%| E|CS|TAMS 0x000000008db00000, 0x000000008db00000| Complete 
| 220|0x000000008dc00000, 0x000000008dd00000, 0x000000008dd00000|100%| E|CS|TAMS 0x000000008dc00000, 0x000000008dc00000| Complete 
| 221|0x000000008dd00000, 0x000000008de00000, 0x000000008de00000|100%| E|CS|TAMS 0x000000008dd00000, 0x000000008dd00000| Complete 
| 222|0x000000008de00000, 0x000000008df00000, 0x000000008df00000|100%| E|CS|TAMS 0x000000008de00000, 0x000000008de00000| Complete 
| 223|0x000000008df00000, 0x000000008e000000, 0x000000008e000000|100%| E|CS|TAMS 0x000000008df00000, 0x000000008df00000| Complete 
| 224|0x000000008e000000, 0x000000008e100000, 0x000000008e100000|100%| E|  |TAMS 0x000000008e000000, 0x000000008e000000| Complete 
| 225|0x000000008e100000, 0x000000008e200000, 0x000000008e200000|100%| S|CS|TAMS 0x000000008e100000, 0x000000008e100000| Complete 
| 226|0x000000008e200000, 0x000000008e300000, 0x000000008e300000|100%| S|CS|TAMS 0x000000008e200000, 0x000000008e200000| Complete 
| 227|0x000000008e300000, 0x000000008e400000, 0x000000008e400000|100%| E|CS|TAMS 0x000000008e300000, 0x000000008e300000| Complete 
| 228|0x000000008e400000, 0x000000008e500000, 0x000000008e500000|100%| E|CS|TAMS 0x000000008e400000, 0x000000008e400000| Complete 
| 229|0x000000008e500000, 0x000000008e600000, 0x000000008e600000|100%| E|CS|TAMS 0x000000008e500000, 0x000000008e500000| Complete 
| 230|0x000000008e600000, 0x000000008e700000, 0x000000008e700000|100%| E|CS|TAMS 0x000000008e600000, 0x000000008e600000| Complete 
| 231|0x000000008e700000, 0x000000008e800000, 0x000000008e800000|100%| E|CS|TAMS 0x000000008e700000, 0x000000008e700000| Complete 
| 251|0x000000008fb00000, 0x000000008fc00000, 0x000000008fc00000|100%| E|CS|TAMS 0x000000008fb00000, 0x000000008fb00000| Complete 

Card table byte_map: [0x00000246aaa70000,0x00000246aae70000] _byte_map_base: 0x00000246aa670000

Marking Bits (Prev, Next): (CMBitMap*) 0x00000246938acc30, (CMBitMap*) 0x00000246938acc70
 Prev Bits: [0x00000246ab270000, 0x00000246ad270000)
 Next Bits: [0x00000246ad270000, 0x00000246af270000)

Polling page: 0x0000024691770000

Metaspace:

Usage:
  Non-class:     61.10 MB used.
      Class:     10.03 MB used.
       Both:     71.13 MB used.

Virtual space:
  Non-class space:       64.00 MB reserved,      61.56 MB ( 96%) committed,  1 nodes.
      Class space:      416.00 MB reserved,      10.44 MB (  3%) committed,  1 nodes.
             Both:      480.00 MB reserved,      72.00 MB ( 15%) committed. 

Chunk freelists:
   Non-Class:  2.31 MB
       Class:  5.53 MB
        Both:  7.84 MB

MaxMetaspaceSize: 512.00 MB
CompressedClassSpaceSize: 416.00 MB
Initial GC threshold: 21.00 MB
Current GC threshold: 119.94 MB
CDS: on
MetaspaceReclaimPolicy: balanced
 - commit_granule_bytes: 65536.
 - commit_granule_words: 8192.
 - virtual_space_node_default_size: 8388608.
 - enlarge_chunks_in_place: 1.
 - new_chunks_are_fully_committed: 0.
 - uncommit_free_chunks: 1.
 - use_allocation_guard: 0.
 - handle_deallocations: 1.


Internal statistics:

num_allocs_failed_limit: 6.
num_arena_births: 1176.
num_arena_deaths: 0.
num_vsnodes_births: 2.
num_vsnodes_deaths: 0.
num_space_committed: 1152.
num_space_uncommitted: 0.
num_chunks_returned_to_freelist: 6.
num_chunks_taken_from_freelist: 4489.
num_chunk_merges: 6.
num_chunk_splits: 2792.
num_chunks_enlarged: 1698.
num_inconsistent_stats: 0.

CodeHeap 'non-profiled nmethods': size=120000Kb used=6210Kb max_used=6210Kb free=113789Kb
 bounds [0x00000246a2e10000, 0x00000246a3430000, 0x00000246aa340000]
CodeHeap 'profiled nmethods': size=120000Kb used=19074Kb max_used=19074Kb free=100925Kb
 bounds [0x000002469b340000, 0x000002469c5f0000, 0x00000246a2870000]
CodeHeap 'non-nmethods': size=5760Kb used=2392Kb max_used=2467Kb free=3367Kb
 bounds [0x00000246a2870000, 0x00000246a2af0000, 0x00000246a2e10000]
 total_blobs=11016 nmethods=10103 adapters=825
 compilation: enabled
              stopped_count=0, restarted_count=0
 full_count=0

Compilation events (20 events):
Event: 74.850 Thread 0x00000246d10033d0 11609   !   4       java.util.concurrent.ArrayBlockingQueue::poll (83 bytes)
Event: 74.861 Thread 0x00000246d5f77570 11610       4       java.util.TimSort::sort (229 bytes)
Event: 74.909 Thread 0x00000246d10033d0 nmethod 11609 0x00000246a340dd90 code [0x00000246a340dfe0, 0x00000246a340f520]
Event: 74.910 Thread 0x00000246d10033d0 11612       4       org.gradle.internal.hash.Hashing$MessageDigestHasher::<init> (25 bytes)
Event: 74.915 Thread 0x00000246d10033d0 nmethod 11612 0x00000246a3410110 code [0x00000246a34102a0, 0x00000246a3410698]
Event: 74.915 Thread 0x00000246d10033d0 11613       4       java.util.LinkedHashMap$LinkedEntrySet::iterator (12 bytes)
Event: 74.921 Thread 0x00000246d10033d0 nmethod 11613 0x00000246a3410890 code [0x00000246a3410a20, 0x00000246a3410bf8]
Event: 74.921 Thread 0x00000246d10033d0 11611       4       org.gradle.internal.snapshot.impl.AbstractValueProcessor::processValue (402 bytes)
Event: 74.947 Thread 0x00000246d10033d0 nmethod 11611 0x00000246a3410d10 code [0x00000246a3411040, 0x00000246a3411ea8]
Event: 74.947 Thread 0x00000246d10033d0 11614       4       org.gradle.internal.Try$Success::mapFailure (2 bytes)
Event: 74.947 Thread 0x00000246d10033d0 nmethod 11614 0x00000246a3412b90 code [0x00000246a3412d00, 0x00000246a3412d78]
Event: 74.947 Thread 0x00000246d10033d0 11615       4       org.gradle.internal.io.StreamByteBuffer::prepareRead (102 bytes)
Event: 74.958 Thread 0x00000246d10033d0 nmethod 11615 0x00000246a3412e90 code [0x00000246a3413020, 0x00000246a3413578]
Event: 74.960 Thread 0x00000246d10033d0 11616       4       org.gradle.cache.internal.ExclusiveCacheAccessingWorker$$Lambda$479/0x00000246b3443350::call (10 bytes)
Event: 74.972 Thread 0x00000246d1005fe0 11618       3       java.util.concurrent.ConcurrentHashMap::addCount (280 bytes)
Event: 74.974 Thread 0x00000246d1005fe0 nmethod 11618 0x000002469c5e3090 code [0x000002469c5e32e0, 0x000002469c5e3c98]
Event: 74.988 Thread 0x00000246d5f77570 nmethod 11610 0x00000246a3413710 code [0x00000246a3413980, 0x00000246a3416c10]
Event: 74.989 Thread 0x00000246d5f77570 11619       4       org.gradle.internal.operations.DefaultBuildOperationListenerManager$1::progress (47 bytes)
Event: 75.000 Thread 0x00000246d5f77570 nmethod 11619 0x00000246a3418110 code [0x00000246a34182e0, 0x00000246a3418908]
Event: 75.001 Thread 0x00000246d5f77570 11617       4       org.gradle.internal.snapshot.ChildMap$Entry::handlePath (135 bytes)

GC Heap History (20 events):
Event: 68.773 GC heap before
{Heap before GC invocations=39 (full 0):
 garbage-first heap   total 116736K, used 94819K [0x0000000080000000, 0x0000000100000000)
  region size 1024K, 26 young (26624K), 4 survivors (4096K)
 Metaspace       used 71112K, committed 72000K, reserved 491520K
  class space    used 10099K, committed 10496K, reserved 425984K
}
Event: 68.779 GC heap after
{Heap after GC invocations=40 (full 0):
 garbage-first heap   total 116736K, used 75792K [0x0000000080000000, 0x0000000100000000)
  region size 1024K, 3 young (3072K), 3 survivors (3072K)
 Metaspace       used 71112K, committed 72000K, reserved 491520K
  class space    used 10099K, committed 10496K, reserved 425984K
}
Event: 69.217 GC heap before
{Heap before GC invocations=40 (full 0):
 garbage-first heap   total 116736K, used 96272K [0x0000000080000000, 0x0000000100000000)
  region size 1024K, 23 young (23552K), 3 survivors (3072K)
 Metaspace       used 71960K, committed 72832K, reserved 491520K
  class space    used 10217K, committed 10624K, reserved 425984K
}
Event: 69.226 GC heap after
{Heap after GC invocations=41 (full 0):
 garbage-first heap   total 116736K, used 75933K [0x0000000080000000, 0x0000000100000000)
  region size 1024K, 2 young (2048K), 2 survivors (2048K)
 Metaspace       used 71960K, committed 72832K, reserved 491520K
  class space    used 10217K, committed 10624K, reserved 425984K
}
Event: 71.576 GC heap before
{Heap before GC invocations=41 (full 0):
 garbage-first heap   total 116736K, used 96413K [0x0000000080000000, 0x0000000100000000)
  region size 1024K, 22 young (22528K), 2 survivors (2048K)
 Metaspace       used 72460K, committed 73344K, reserved 491520K
  class space    used 10264K, committed 10688K, reserved 425984K
}
Event: 71.581 GC heap after
{Heap after GC invocations=42 (full 0):
 garbage-first heap   total 116736K, used 79207K [0x0000000080000000, 0x0000000100000000)
  region size 1024K, 3 young (3072K), 3 survivors (3072K)
 Metaspace       used 72460K, committed 73344K, reserved 491520K
  class space    used 10264K, committed 10688K, reserved 425984K
}
Event: 73.117 GC heap before
{Heap before GC invocations=42 (full 0):
 garbage-first heap   total 116736K, used 96615K [0x0000000080000000, 0x0000000100000000)
  region size 1024K, 20 young (20480K), 3 survivors (3072K)
 Metaspace       used 72725K, committed 73600K, reserved 491520K
  class space    used 10267K, committed 10688K, reserved 425984K
}
Event: 73.123 GC heap after
{Heap after GC invocations=43 (full 0):
 garbage-first heap   total 116736K, used 83171K [0x0000000080000000, 0x0000000100000000)
  region size 1024K, 3 young (3072K), 3 survivors (3072K)
 Metaspace       used 72725K, committed 73600K, reserved 491520K
  class space    used 10267K, committed 10688K, reserved 425984K
}
Event: 73.488 GC heap before
{Heap before GC invocations=43 (full 0):
 garbage-first heap   total 116736K, used 96483K [0x0000000080000000, 0x0000000100000000)
  region size 1024K, 16 young (16384K), 3 survivors (3072K)
 Metaspace       used 72800K, committed 73664K, reserved 491520K
  class space    used 10268K, committed 10688K, reserved 425984K
}
Event: 73.495 GC heap after
{Heap after GC invocations=44 (full 0):
 garbage-first heap   total 116736K, used 86639K [0x0000000080000000, 0x0000000100000000)
  region size 1024K, 2 young (2048K), 2 survivors (2048K)
 Metaspace       used 72800K, committed 73664K, reserved 491520K
  class space    used 10268K, committed 10688K, reserved 425984K
}
Event: 73.597 GC heap before
{Heap before GC invocations=44 (full 0):
 garbage-first heap   total 116736K, used 96879K [0x0000000080000000, 0x0000000100000000)
  region size 1024K, 12 young (12288K), 2 survivors (2048K)
 Metaspace       used 72812K, committed 73664K, reserved 491520K
  class space    used 10268K, committed 10688K, reserved 425984K
}
Event: 73.604 GC heap after
{Heap after GC invocations=45 (full 0):
 garbage-first heap   total 116736K, used 89394K [0x0000000080000000, 0x0000000100000000)
  region size 1024K, 2 young (2048K), 2 survivors (2048K)
 Metaspace       used 72812K, committed 73664K, reserved 491520K
  class space    used 10268K, committed 10688K, reserved 425984K
}
Event: 73.731 GC heap before
{Heap before GC invocations=45 (full 0):
 garbage-first heap   total 116736K, used 96562K [0x0000000080000000, 0x0000000100000000)
  region size 1024K, 9 young (9216K), 2 survivors (2048K)
 Metaspace       used 72815K, committed 73664K, reserved 491520K
  class space    used 10268K, committed 10688K, reserved 425984K
}
Event: 73.736 GC heap after
{Heap after GC invocations=46 (full 0):
 garbage-first heap   total 116736K, used 90556K [0x0000000080000000, 0x0000000100000000)
  region size 1024K, 2 young (2048K), 2 survivors (2048K)
 Metaspace       used 72815K, committed 73664K, reserved 491520K
  class space    used 10268K, committed 10688K, reserved 425984K
}
Event: 73.898 GC heap before
{Heap before GC invocations=46 (full 0):
 garbage-first heap   total 160768K, used 97724K [0x0000000080000000, 0x0000000100000000)
  region size 1024K, 9 young (9216K), 2 survivors (2048K)
 Metaspace       used 72816K, committed 73664K, reserved 491520K
  class space    used 10268K, committed 10688K, reserved 425984K
}
Event: 73.902 GC heap after
{Heap after GC invocations=47 (full 0):
 garbage-first heap   total 238592K, used 91525K [0x0000000080000000, 0x0000000100000000)
  region size 1024K, 2 young (2048K), 2 survivors (2048K)
 Metaspace       used 72816K, committed 73664K, reserved 491520K
  class space    used 10268K, committed 10688K, reserved 425984K
}
Event: 74.854 GC heap before
{Heap before GC invocations=48 (full 0):
 garbage-first heap   total 238592K, used 178565K [0x0000000080000000, 0x0000000100000000)
  region size 1024K, 88 young (90112K), 2 survivors (2048K)
 Metaspace       used 72840K, committed 73728K, reserved 491520K
  class space    used 10269K, committed 10688K, reserved 425984K
}
Event: 74.860 GC heap after
{Heap after GC invocations=49 (full 0):
 garbage-first heap   total 238592K, used 94027K [0x0000000080000000, 0x0000000100000000)
  region size 1024K, 5 young (5120K), 5 survivors (5120K)
 Metaspace       used 72840K, committed 73728K, reserved 491520K
  class space    used 10269K, committed 10688K, reserved 425984K
}
Event: 74.900 GC heap before
{Heap before GC invocations=49 (full 0):
 garbage-first heap   total 238592K, used 99147K [0x0000000080000000, 0x0000000100000000)
  region size 1024K, 11 young (11264K), 5 survivors (5120K)
 Metaspace       used 72840K, committed 73728K, reserved 491520K
  class space    used 10269K, committed 10688K, reserved 425984K
}
Event: 74.904 GC heap after
{Heap after GC invocations=50 (full 0):
 garbage-first heap   total 238592K, used 91814K [0x0000000080000000, 0x0000000100000000)
  region size 1024K, 2 young (2048K), 2 survivors (2048K)
 Metaspace       used 72840K, committed 73728K, reserved 491520K
  class space    used 10269K, committed 10688K, reserved 425984K
}

Dll operation events (14 events):
Event: 0.062 Loaded shared library C:\Program Files\Microsoft\jdk-17.0.8.7-hotspot\bin\java.dll
Event: 0.200 Loaded shared library C:\Program Files\Microsoft\jdk-17.0.8.7-hotspot\bin\jsvml.dll
Event: 0.705 Loaded shared library C:\Program Files\Microsoft\jdk-17.0.8.7-hotspot\bin\zip.dll
Event: 0.709 Loaded shared library C:\Program Files\Microsoft\jdk-17.0.8.7-hotspot\bin\instrument.dll
Event: 0.717 Loaded shared library C:\Program Files\Microsoft\jdk-17.0.8.7-hotspot\bin\net.dll
Event: 0.721 Loaded shared library C:\Program Files\Microsoft\jdk-17.0.8.7-hotspot\bin\nio.dll
Event: 0.725 Loaded shared library C:\Program Files\Microsoft\jdk-17.0.8.7-hotspot\bin\zip.dll
Event: 1.813 Loaded shared library C:\Program Files\Microsoft\jdk-17.0.8.7-hotspot\bin\jimage.dll
Event: 2.510 Loaded shared library C:\Program Files\Microsoft\jdk-17.0.8.7-hotspot\bin\verify.dll
Event: 2.898 Loaded shared library C:\Users\Yogesh\.gradle\native\c067742578af261105cb4f569cf0c3c89f3d7b1fecec35dd04571415982c5e48\windows-amd64\native-platform.dll
Event: 2.944 Loaded shared library C:\Users\Yogesh\.gradle\native\100fb08df4bc3b14c8652ba06237920a3bd2aa13389f12d3474272988ae205f9\windows-amd64\native-platform-file-events.dll
Event: 7.646 Loaded shared library C:\Program Files\Microsoft\jdk-17.0.8.7-hotspot\bin\management.dll
Event: 7.650 Loaded shared library C:\Program Files\Microsoft\jdk-17.0.8.7-hotspot\bin\management_ext.dll
Event: 10.030 Loaded shared library C:\Program Files\Microsoft\jdk-17.0.8.7-hotspot\bin\sunmscapi.dll

Deoptimization events (20 events):
Event: 74.841 Thread 0x00000246d4d9dad0 Uncommon trap: trap_request=0xffffffd6 fr.pc=0x00000246a340a5f0 relative=0x00000000000027f0
Event: 74.842 Thread 0x00000246d4d9dad0 Uncommon trap: reason=array_check action=maybe_recompile pc=0x00000246a340a5f0 method=java.util.TimSort.reverseRange([Ljava/lang/Object;II)V @ 20 c2
Event: 74.842 Thread 0x00000246d4d9dad0 DEOPT PACKING pc=0x00000246a340a5f0 sp=0x0000005076bfd2d0
Event: 74.842 Thread 0x00000246d4d9dad0 DEOPT UNPACKING pc=0x00000246a28ca1a3 sp=0x0000005076bfd1a8 mode 2
Event: 74.842 Thread 0x00000246d4da0860 Uncommon trap: trap_request=0xffffffd6 fr.pc=0x00000246a340a5f0 relative=0x00000000000027f0
Event: 74.842 Thread 0x00000246d4da0860 Uncommon trap: reason=array_check action=maybe_recompile pc=0x00000246a340a5f0 method=java.util.TimSort.reverseRange([Ljava/lang/Object;II)V @ 20 c2
Event: 74.842 Thread 0x00000246d4da0860 DEOPT PACKING pc=0x00000246a340a5f0 sp=0x00000050769fd6f0
Event: 74.842 Thread 0x00000246d4da0860 DEOPT UNPACKING pc=0x00000246a28ca1a3 sp=0x00000050769fd5c8 mode 2
Event: 74.992 Thread 0x00000246d4d9cba0 Uncommon trap: trap_request=0xffffffd6 fr.pc=0x00000246a3416384 relative=0x0000000000002a04
Event: 74.992 Thread 0x00000246d4d9cba0 Uncommon trap: reason=array_check action=maybe_recompile pc=0x00000246a3416384 method=java.util.TimSort.reverseRange([Ljava/lang/Object;II)V @ 27 c2
Event: 74.992 Thread 0x00000246d4d9cba0 DEOPT PACKING pc=0x00000246a3416384 sp=0x00000050768fd910
Event: 74.992 Thread 0x00000246d4d9cba0 DEOPT UNPACKING pc=0x00000246a28ca1a3 sp=0x00000050768fd7e8 mode 2
Event: 74.996 Thread 0x00000246d4d9ef10 Uncommon trap: trap_request=0xffffffd6 fr.pc=0x00000246a3416384 relative=0x0000000000002a04
Event: 74.996 Thread 0x00000246d4d9ef10 Uncommon trap: reason=array_check action=maybe_recompile pc=0x00000246a3416384 method=java.util.TimSort.reverseRange([Ljava/lang/Object;II)V @ 27 c2
Event: 74.996 Thread 0x00000246d4d9e4f0 Uncommon trap: trap_request=0xffffffd6 fr.pc=0x00000246a3416384 relative=0x0000000000002a04
Event: 74.996 Thread 0x00000246d4d9ef10 DEOPT PACKING pc=0x00000246a3416384 sp=0x0000005076afd900
Event: 74.996 Thread 0x00000246d4d9e4f0 Uncommon trap: reason=array_check action=maybe_recompile pc=0x00000246a3416384 method=java.util.TimSort.reverseRange([Ljava/lang/Object;II)V @ 27 c2
Event: 74.996 Thread 0x00000246d4d9e4f0 DEOPT PACKING pc=0x00000246a3416384 sp=0x0000005076dfd7d0
Event: 74.996 Thread 0x00000246d4d9ef10 DEOPT UNPACKING pc=0x00000246a28ca1a3 sp=0x0000005076afd7d8 mode 2
Event: 74.996 Thread 0x00000246d4d9e4f0 DEOPT UNPACKING pc=0x00000246a28ca1a3 sp=0x0000005076dfd6a8 mode 2

Classes unloaded (0 events):
No events

Classes redefined (0 events):
No events

Internal exceptions (20 events):
Event: 70.016 Thread 0x00000246d281b750 Exception <a 'java/lang/ClassNotFoundException'{0x00000000889f9028}: org/gradle/api/internal/initialization/DefaultScriptHandlerCustomizer> (0x00000000889f9028) 
thrown [s\src\hotspot\share\classfile\systemDictionary.cpp, line 256]
Event: 70.020 Thread 0x00000246d281b750 Exception <a 'java/lang/ClassNotFoundException'{0x00000000888181d8}: org/gradle/api/internal/initialization/DefaultScriptHandler_DecoratedCustomizer> (0x00000000888181d8) 
thrown [s\src\hotspot\share\classfile\systemDictionary.cpp, line 256]
Event: 70.074 Thread 0x00000246d281b750 Exception <a 'java/lang/ClassNotFoundException'{0x000000008842aa60}: org/gradle/api/internal/artifacts/dsl/DefaultRepositoryHandler_DecoratedBeanInfo> (0x000000008842aa60) 
thrown [s\src\hotspot\share\classfile\systemDictionary.cpp, line 256]
Event: 70.075 Thread 0x00000246d281b750 Exception <a 'java/lang/ClassNotFoundException'{0x0000000088442b80}: org/gradle/api/internal/artifacts/dsl/DefaultRepositoryHandlerBeanInfo> (0x0000000088442b80) 
thrown [s\src\hotspot\share\classfile\systemDictionary.cpp, line 256]
Event: 70.076 Thread 0x00000246d281b750 Exception <a 'java/lang/ClassNotFoundException'{0x000000008845b6c0}: org/gradle/api/internal/artifacts/DefaultArtifactRepositoryContainerBeanInfo> (0x000000008845b6c0) 
thrown [s\src\hotspot\share\classfile\systemDictionary.cpp, line 256]
Event: 70.077 Thread 0x00000246d281b750 Exception <a 'java/lang/ClassNotFoundException'{0x00000000884716a8}: org/gradle/api/internal/DefaultNamedDomainObjectListBeanInfo> (0x00000000884716a8) 
thrown [s\src\hotspot\share\classfile\systemDictionary.cpp, line 256]
Event: 70.077 Thread 0x00000246d281b750 Exception <a 'java/lang/ClassNotFoundException'{0x00000000884875d0}: org/gradle/api/internal/DefaultNamedDomainObjectCollectionBeanInfo> (0x00000000884875d0) 
thrown [s\src\hotspot\share\classfile\systemDictionary.cpp, line 256]
Event: 70.087 Thread 0x00000246d281b750 Exception <a 'java/lang/ClassNotFoundException'{0x000000008849d9f0}: org/gradle/api/internal/DefaultNamedDomainObjectCollectionCustomizer> (0x000000008849d9f0) 
thrown [s\src\hotspot\share\classfile\systemDictionary.cpp, line 256]
Event: 70.107 Thread 0x00000246d281b750 Exception <a 'java/lang/ClassNotFoundException'{0x00000000884dcb30}: org/gradle/api/internal/DefaultNamedDomainObjectListCustomizer> (0x00000000884dcb30) 
thrown [s\src\hotspot\share\classfile\systemDictionary.cpp, line 256]
Event: 70.161 Thread 0x00000246d281b750 Exception <a 'java/lang/ClassNotFoundException'{0x0000000088313170}: org/gradle/api/internal/artifacts/DefaultArtifactRepositoryContainerCustomizer> (0x0000000088313170) 
thrown [s\src\hotspot\share\classfile\systemDictionary.cpp, line 256]
Event: 70.172 Thread 0x00000246d281b750 Exception <a 'java/lang/ClassNotFoundException'{0x000000008833d8b8}: org/gradle/api/internal/artifacts/dsl/DefaultRepositoryHandlerCustomizer> (0x000000008833d8b8) 
thrown [s\src\hotspot\share\classfile\systemDictionary.cpp, line 256]
Event: 70.206 Thread 0x00000246d281b750 Exception <a 'java/lang/ClassNotFoundException'{0x0000000088376318}: org/gradle/api/internal/artifacts/dsl/DefaultRepositoryHandler_DecoratedCustomizer> (0x0000000088376318) 
thrown [s\src\hotspot\share\classfile\systemDictionary.cpp, line 256]
Event: 70.254 Thread 0x00000246d281b750 Exception <a 'java/lang/ClassNotFoundException'{0x000000008641feb0}: org/gradle/api/internal/artifacts/dsl/dependencies/DefaultDependencyHandler_DecoratedBeanInfo> (0x000000008641feb0) 
thrown [s\src\hotspot\share\classfile\systemDictionary.cpp, line 256]
Event: 70.255 Thread 0x00000246d281b750 Exception <a 'java/lang/ClassNotFoundException'{0x0000000086437e58}: org/gradle/api/internal/artifacts/dsl/dependencies/DefaultDependencyHandlerBeanInfo> (0x0000000086437e58) 
thrown [s\src\hotspot\share\classfile\systemDictionary.cpp, line 256]
Event: 70.257 Thread 0x00000246d281b750 Exception <a 'java/lang/ClassNotFoundException'{0x000000008644f5d0}: org/gradle/api/internal/artifacts/dsl/dependencies/DefaultDependencyHandlerCustomizer> (0x000000008644f5d0) 
thrown [s\src\hotspot\share\classfile\systemDictionary.cpp, line 256]
Event: 70.356 Thread 0x00000246d281b750 Exception <a 'java/lang/ClassNotFoundException'{0x000000008648f6b0}: org/gradle/api/internal/artifacts/dsl/dependencies/DefaultDependencyHandler_DecoratedCustomizer> (0x000000008648f6b0) 
thrown [s\src\hotspot\share\classfile\systemDictionary.cpp, line 256]
Event: 73.179 Thread 0x00000246d4b9af90 Exception <a 'sun/nio/fs/WindowsException'{0x000000008fb3df90}> (0x000000008fb3df90) 
thrown [s\src\hotspot\share\prims\jni.cpp, line 516]
Event: 73.180 Thread 0x00000246d4b9af90 Exception <a 'sun/nio/fs/WindowsException'{0x000000008fb40c40}> (0x000000008fb40c40) 
thrown [s\src\hotspot\share\prims\jni.cpp, line 516]
Event: 73.180 Thread 0x00000246d4b9af90 Exception <a 'sun/nio/fs/WindowsException'{0x000000008fb4f390}> (0x000000008fb4f390) 
thrown [s\src\hotspot\share\prims\jni.cpp, line 516]
Event: 73.181 Thread 0x00000246d4b9af90 Exception <a 'sun/nio/fs/WindowsException'{0x000000008fb51a28}> (0x000000008fb51a28) 
thrown [s\src\hotspot\share\prims\jni.cpp, line 516]

VM Operations (20 events):
Event: 72.439 Executing VM operation: ICBufferFull
Event: 72.439 Executing VM operation: ICBufferFull done
Event: 73.117 Executing VM operation: G1CollectForAllocation
Event: 73.124 Executing VM operation: G1CollectForAllocation done
Event: 73.488 Executing VM operation: G1CollectForAllocation
Event: 73.497 Executing VM operation: G1CollectForAllocation done
Event: 73.597 Executing VM operation: G1CollectForAllocation
Event: 73.608 Executing VM operation: G1CollectForAllocation done
Event: 73.726 Executing VM operation: G1CollectForAllocation
Event: 73.740 Executing VM operation: G1CollectForAllocation done
Event: 73.844 Executing VM operation: G1PauseRemark
Event: 73.857 Executing VM operation: G1PauseRemark done
Event: 73.897 Executing VM operation: G1CollectForAllocation
Event: 73.902 Executing VM operation: G1CollectForAllocation done
Event: 73.921 Executing VM operation: G1PauseCleanup
Event: 73.924 Executing VM operation: G1PauseCleanup done
Event: 74.853 Executing VM operation: G1CollectForAllocation
Event: 74.860 Executing VM operation: G1CollectForAllocation done
Event: 74.900 Executing VM operation: G1CollectForAllocation
Event: 74.909 Executing VM operation: G1CollectForAllocation done

Events (20 events):
Event: 69.217 loading class java/util/AbstractMap$2
Event: 69.217 loading class java/util/AbstractMap$2 done
Event: 69.217 loading class java/util/AbstractMap$2$1
Event: 69.217 loading class java/util/AbstractMap$2$1 done
Event: 69.783 Thread 0x00000246d5f76030 Thread exited: 0x00000246d5f76030
Event: 69.882 Thread 0x00000246d4600240 Thread added: 0x00000246d4600240
Event: 70.138 Thread 0x00000246d5f75040 Thread added: 0x00000246d5f75040
Event: 70.426 Thread 0x00000246d5f75040 Thread exited: 0x00000246d5f75040
Event: 72.511 Thread 0x00000246d5f77570 Thread added: 0x00000246d5f77570
Event: 72.744 Thread 0x00000246d4600750 Thread added: 0x00000246d4600750
Event: 72.745 Thread 0x00000246d45fded0 Thread added: 0x00000246d45fded0
Event: 72.745 Thread 0x00000246d45fcfa0 Thread added: 0x00000246d45fcfa0
Event: 72.745 Thread 0x00000246d4600c60 Thread added: 0x00000246d4600c60
Event: 72.746 Thread 0x00000246d45ff820 Thread added: 0x00000246d45ff820
Event: 72.748 Thread 0x00000246d45fd4b0 Thread added: 0x00000246d45fd4b0
Event: 72.748 Thread 0x00000246d45ffd30 Thread added: 0x00000246d45ffd30
Event: 72.934 Thread 0x00000246d4601170 Thread added: 0x00000246d4601170
Event: 72.942 Thread 0x00000246d45fd9c0 Thread added: 0x00000246d45fd9c0
Event: 73.345 loading class jdk/internal/misc/ScopedMemoryAccess$Scope$Handle
Event: 73.345 loading class jdk/internal/misc/ScopedMemoryAccess$Scope$Handle done


Dynamic libraries:
0x00007ff79e840000 - 0x00007ff79e84e000 	C:\Program Files\Microsoft\jdk-17.0.8.7-hotspot\bin\java.exe
0x00007ffd1db40000 - 0x00007ffd1dda6000 	C:\WINDOWS\SYSTEM32\ntdll.dll
0x00007ffd1b870000 - 0x00007ffd1b939000 	C:\WINDOWS\System32\KERNEL32.DLL
0x00007ffd1af70000 - 0x00007ffd1b36f000 	C:\WINDOWS\System32\KERNELBASE.dll
0x00007ffd1ad50000 - 0x00007ffd1ae9c000 	C:\WINDOWS\System32\ucrtbase.dll
0x00007ffc9d1b0000 - 0x00007ffc9d1c7000 	C:\Program Files\Microsoft\jdk-17.0.8.7-hotspot\bin\jli.dll
0x00007ffd1bb20000 - 0x00007ffd1bce6000 	C:\WINDOWS\System32\USER32.dll
0x00007ffd1b430000 - 0x00007ffd1b457000 	C:\WINDOWS\System32\win32u.dll
0x00007ffd1bd30000 - 0x00007ffd1bd5b000 	C:\WINDOWS\System32\GDI32.dll
0x00007ffd1b5f0000 - 0x00007ffd1b719000 	C:\WINDOWS\System32\gdi32full.dll
0x00007ffd1b380000 - 0x00007ffd1b423000 	C:\WINDOWS\System32\msvcp_win.dll
0x00007ffc9d190000 - 0x00007ffc9d1ab000 	C:\Program Files\Microsoft\jdk-17.0.8.7-hotspot\bin\VCRUNTIME140.dll
0x00007ffcfc600000 - 0x00007ffcfc891000 	C:\WINDOWS\WinSxS\amd64_microsoft.windows.common-controls_6595b64144ccf1df_6.0.26100.8972_none_3e0da176e32f9d4b\COMCTL32.dll
0x00007ffd1c390000 - 0x00007ffd1c439000 	C:\WINDOWS\System32\msvcrt.dll
0x00007ffd1bcf0000 - 0x00007ffd1bd22000 	C:\WINDOWS\System32\IMM32.DLL
0x00007ffcd81b0000 - 0x00007ffcd81bc000 	C:\Program Files\Microsoft\jdk-17.0.8.7-hotspot\bin\vcruntime140_1.dll
0x00007ffc9d100000 - 0x00007ffc9d18d000 	C:\Program Files\Microsoft\jdk-17.0.8.7-hotspot\bin\msvcp140.dll
0x00007ffc9a440000 - 0x00007ffc9b0a5000 	C:\Program Files\Microsoft\jdk-17.0.8.7-hotspot\bin\server\jvm.dll
0x00007ffd1ca10000 - 0x00007ffd1cacc000 	C:\WINDOWS\System32\ADVAPI32.dll
0x00007ffd1d8e0000 - 0x00007ffd1d98a000 	C:\WINDOWS\System32\sechost.dll
0x00007ffd1d6c0000 - 0x00007ffd1d7d8000 	C:\WINDOWS\System32\RPCRT4.dll
0x00007ffd1abb0000 - 0x00007ffd1ac0e000 	C:\WINDOWS\SYSTEM32\POWRPROF.dll
0x00007ffcd80d0000 - 0x00007ffcd80da000 	C:\WINDOWS\SYSTEM32\WSOCK32.dll
0x00007ffd1d7e0000 - 0x00007ffd1d862000 	C:\WINDOWS\System32\WS2_32.dll
0x00007ffd0f680000 - 0x00007ffd0f6b6000 	C:\WINDOWS\SYSTEM32\WINMM.dll
0x00007ffd0efc0000 - 0x00007ffd0efcb000 	C:\WINDOWS\SYSTEM32\VERSION.dll
0x00007ffd1ab90000 - 0x00007ffd1aba5000 	C:\WINDOWS\SYSTEM32\UMPDC.dll
0x00007ffd19a40000 - 0x00007ffd19a5b000 	C:\WINDOWS\SYSTEM32\kernel.appcore.dll
0x00007ffcd7620000 - 0x00007ffcd762a000 	C:\Program Files\Microsoft\jdk-17.0.8.7-hotspot\bin\jimage.dll
0x00007ffd18280000 - 0x00007ffd184c2000 	C:\WINDOWS\SYSTEM32\DBGHELP.DLL
0x00007ffd1d270000 - 0x00007ffd1d5f5000 	C:\WINDOWS\System32\combase.dll
0x00007ffd1c660000 - 0x00007ffd1c739000 	C:\WINDOWS\System32\OLEAUT32.dll
0x00007ffcfa280000 - 0x00007ffcfa2bb000 	C:\WINDOWS\SYSTEM32\dbgcore.DLL
0x00007ffd1b7b0000 - 0x00007ffd1b85c000 	C:\WINDOWS\System32\bcryptPrimitives.dll
0x00007ffccbf40000 - 0x00007ffccbf4e000 	C:\Program Files\Microsoft\jdk-17.0.8.7-hotspot\bin\instrument.dll
0x00007ffc9d0d0000 - 0x00007ffc9d0f5000 	C:\Program Files\Microsoft\jdk-17.0.8.7-hotspot\bin\java.dll
0x00007ffc9cff0000 - 0x00007ffc9d0c7000 	C:\Program Files\Microsoft\jdk-17.0.8.7-hotspot\bin\jsvml.dll
0x00007ffd1cae0000 - 0x00007ffd1d268000 	C:\WINDOWS\System32\SHELL32.dll
0x00007ffd18650000 - 0x00007ffd18eeb000 	C:\WINDOWS\SYSTEM32\windows.storage.dll
0x00007ffd1c540000 - 0x00007ffd1c639000 	C:\WINDOWS\System32\SHCORE.dll
0x00007ffd1d870000 - 0x00007ffd1d8d6000 	C:\WINDOWS\System32\shlwapi.dll
0x00007ffd1ac70000 - 0x00007ffd1ac99000 	C:\WINDOWS\SYSTEM32\profapi.dll
0x00007ffc9cfd0000 - 0x00007ffc9cfe8000 	C:\Program Files\Microsoft\jdk-17.0.8.7-hotspot\bin\zip.dll
0x00007ffc9cfb0000 - 0x00007ffc9cfc9000 	C:\Program Files\Microsoft\jdk-17.0.8.7-hotspot\bin\net.dll
0x00007ffd097a0000 - 0x00007ffd098c8000 	C:\WINDOWS\SYSTEM32\WINHTTP.dll
0x00007ffd19ff0000 - 0x00007ffd1a05c000 	C:\WINDOWS\system32\mswsock.dll
0x00007ffc9cf90000 - 0x00007ffc9cfa6000 	C:\Program Files\Microsoft\jdk-17.0.8.7-hotspot\bin\nio.dll
0x00007ffca5b50000 - 0x00007ffca5b60000 	C:\Program Files\Microsoft\jdk-17.0.8.7-hotspot\bin\verify.dll
0x00007ffcc6ee0000 - 0x00007ffcc6f07000 	C:\Users\Yogesh\.gradle\native\c067742578af261105cb4f569cf0c3c89f3d7b1fecec35dd04571415982c5e48\windows-amd64\native-platform.dll
0x00007ffc9ce40000 - 0x00007ffc9cf84000 	C:\Users\Yogesh\.gradle\native\100fb08df4bc3b14c8652ba06237920a3bd2aa13389f12d3474272988ae205f9\windows-amd64\native-platform-file-events.dll
0x00007ffca57a0000 - 0x00007ffca57a9000 	C:\Program Files\Microsoft\jdk-17.0.8.7-hotspot\bin\management.dll
0x00007ffca2a00000 - 0x00007ffca2a0b000 	C:\Program Files\Microsoft\jdk-17.0.8.7-hotspot\bin\management_ext.dll
0x00007ffd1ca00000 - 0x00007ffd1ca08000 	C:\WINDOWS\System32\PSAPI.DLL
0x00007ffd1a2e0000 - 0x00007ffd1a2fb000 	C:\WINDOWS\SYSTEM32\CRYPTSP.dll
0x00007ffd199a0000 - 0x00007ffd199d9000 	C:\WINDOWS\system32\rsaenh.dll
0x00007ffd1a0a0000 - 0x00007ffd1a0d2000 	C:\WINDOWS\SYSTEM32\USERENV.dll
0x00007ffd1ac40000 - 0x00007ffd1ac6a000 	C:\WINDOWS\SYSTEM32\bcrypt.dll
0x00007ffd1a300000 - 0x00007ffd1a30c000 	C:\WINDOWS\SYSTEM32\CRYPTBASE.dll
0x00007ffd19420000 - 0x00007ffd19453000 	C:\WINDOWS\SYSTEM32\IPHLPAPI.DLL
0x00007ffd1c960000 - 0x00007ffd1c96a000 	C:\WINDOWS\System32\NSI.dll
0x00007ffd0f650000 - 0x00007ffd0f66d000 	C:\WINDOWS\SYSTEM32\dhcpcsvc6.DLL
0x00007ffd0f620000 - 0x00007ffd0f645000 	C:\WINDOWS\SYSTEM32\dhcpcsvc.DLL
0x00007ffd194c0000 - 0x00007ffd19618000 	C:\WINDOWS\SYSTEM32\DNSAPI.dll
0x00007ffd19df0000 - 0x00007ffd19dfd000 	C:\WINDOWS\SYSTEM32\DSPARSE.dll
0x00007ffca1910000 - 0x00007ffca191e000 	C:\Program Files\Microsoft\jdk-17.0.8.7-hotspot\bin\sunmscapi.dll
0x00007ffd1b460000 - 0x00007ffd1b5de000 	C:\WINDOWS\System32\CRYPT32.dll
0x00007ffd1a520000 - 0x00007ffd1a550000 	C:\WINDOWS\SYSTEM32\ncrypt.dll
0x00007ffd1a4d0000 - 0x00007ffd1a50f000 	C:\WINDOWS\SYSTEM32\NTASN1.dll
0x00007ffcd10a0000 - 0x00007ffcd10a8000 	C:\WINDOWS\system32\wshunix.dll
0x00007ffcf13e0000 - 0x00007ffcf13f8000 	C:\WINDOWS\system32\napinsp.dll
0x00007ffcf13c0000 - 0x00007ffcf13d3000 	C:\WINDOWS\System32\winrnr.dll
0x00007ffcf1370000 - 0x00007ffcf1392000 	C:\WINDOWS\system32\nlansp_c.dll
0x00007ffd09750000 - 0x00007ffd09766000 	C:\WINDOWS\system32\wshbth.dll
0x00007ffd0efd0000 - 0x00007ffd0efdb000 	C:\Windows\System32\rasadhlp.dll
0x00007ffd11570000 - 0x00007ffd115f6000 	C:\WINDOWS\System32\fwpuclnt.dll

dbghelp: loaded successfully - version: 4.0.5 - missing functions: none
symbol engine: initialized successfully - sym options: 0x614 - pdb path: .;C:\Program Files\Microsoft\jdk-17.0.8.7-hotspot\bin;C:\WINDOWS\SYSTEM32;C:\WINDOWS\WinSxS\amd64_microsoft.windows.common-controls_6595b64144ccf1df_6.0.26100.8972_none_3e0da176e32f9d4b;C:\Program Files\Microsoft\jdk-17.0.8.7-hotspot\bin\server;C:\Users\Yogesh\.gradle\native\c067742578af261105cb4f569cf0c3c89f3d7b1fecec35dd04571415982c5e48\windows-amd64;C:\Users\Yogesh\.gradle\native\100fb08df4bc3b14c8652ba06237920a3bd2aa13389f12d3474272988ae205f9\windows-amd64

VM Arguments:
jvm_args: --add-opens=java.base/java.lang=ALL-UNNAMED --add-opens=java.base/java.lang.invoke=ALL-UNNAMED --add-opens=java.base/java.util=ALL-UNNAMED --add-opens=java.prefs/java.util.prefs=ALL-UNNAMED --add-exports=jdk.compiler/com.sun.tools.javac.api=ALL-UNNAMED --add-exports=jdk.compiler/com.sun.tools.javac.util=ALL-UNNAMED --add-opens=java.base/java.util=ALL-UNNAMED --add-opens=java.prefs/java.util.prefs=ALL-UNNAMED --add-opens=java.base/java.nio.charset=ALL-UNNAMED --add-opens=java.base/java.net=ALL-UNNAMED --add-opens=java.base/java.util.concurrent.atomic=ALL-UNNAMED --add-opens=java.xml/javax.xml.namespace=ALL-UNNAMED -XX:MaxMetaspaceSize=512m -Xmx2048m -Dfile.encoding=UTF-8 -Duser.country=IN -Duser.language=en -Duser.variant -javaagent:C:\Users\Yogesh\.gradle\wrapper\dists\gradle-8.11.1-bin\bpt9gzteqjrbo1mjrsomdt32c\gradle-8.11.1\lib\agents\gradle-instrumentation-agent-8.11.1.jar 
java_command: org.gradle.launcher.daemon.bootstrap.GradleDaemon 8.11.1
java_class_path (initial): C:\Users\Yogesh\.gradle\wrapper\dists\gradle-8.11.1-bin\bpt9gzteqjrbo1mjrsomdt32c\gradle-8.11.1\lib\gradle-daemon-main-8.11.1.jar
Launcher Type: SUN_STANDARD

[Global flags]
     intx CICompilerCount                          = 4                                         {product} {ergonomic}
   size_t CompressedClassSpaceSize                 = 436207616                                 {product} {ergonomic}
     uint ConcGCThreads                            = 2                                         {product} {ergonomic}
     uint G1ConcRefinementThreads                  = 8                                         {product} {ergonomic}
   size_t G1HeapRegionSize                         = 1048576                                   {product} {ergonomic}
    uintx GCDrainStackTargetSize                   = 64                                        {product} {ergonomic}
   size_t InitialHeapSize                          = 264241152                                 {product} {ergonomic}
   size_t MarkStackSize                            = 4194304                                   {product} {ergonomic}
   size_t MaxHeapSize                              = 2147483648                                {product} {command line}
   size_t MaxMetaspaceSize                         = 536870912                                 {product} {command line}
   size_t MaxNewSize                               = 1287651328                                {product} {ergonomic}
   size_t MinHeapDeltaBytes                        = 1048576                                   {product} {ergonomic}
   size_t MinHeapSize                              = 8388608                                   {product} {ergonomic}
    uintx NonNMethodCodeHeapSize                   = 5839372                                {pd product} {ergonomic}
    uintx NonProfiledCodeHeapSize                  = 122909434                              {pd product} {ergonomic}
    uintx ProfiledCodeHeapSize                     = 122909434                              {pd product} {ergonomic}
    uintx ReservedCodeCacheSize                    = 251658240                              {pd product} {ergonomic}
     bool SegmentedCodeCache                       = true                                      {product} {ergonomic}
   size_t SoftMaxHeapSize                          = 2147483648                             {manageable} {ergonomic}
     bool UseCompressedClassPointers               = true                           {product lp64_product} {ergonomic}
     bool UseCompressedOops                        = true                           {product lp64_product} {ergonomic}
     bool UseG1GC                                  = true                                      {product} {ergonomic}
     bool UseLargePagesIndividualAllocation        = false                                  {pd product} {ergonomic}

Logging:
Log output configuration:
 #0: stdout all=warning uptime,level,tags
 #1: stderr all=off uptime,level,tags

Environment Variables:
JAVA_HOME=C:\Program Files\Microsoft\jdk-17.0.8.7-hotspot\
PATH=C:\Program Files\Microsoft\jdk-17.0.8.7-hotspot\bin;C:\Program Files\Common Files\Oracle\Java\javapath;C:\WINDOWS\system32;C:\WINDOWS;C:\WINDOWS\System32\Wbem;C:\WINDOWS\System32\WindowsPowerShell\v1.0\;C:\WINDOWS\System32\OpenSSH\;C:\Program Files\nodejs\;C:\Users\Yogesh\AppData\Local\Android\Sdk\platform-tools;C:\ProgramData\chocolatey\bin;C:\Users\Yogesh\Desktop\SqlLite\sqlite-tools-win-x64-3450000;C:\Program Files\Git\cmd;C:\Program Files\Git\bin;C:\Users\Yogesh\AppData\Local\Android\Sdk\cmdline-tools\latest\bin;C:\Software\cmake-3.31.0-rc2-windows-x86_64\cmake-3.31.0-rc2-windows-x86_64\bin;C:\Users\Yogesh\Downloads\apache-maven-3.9.9\bin;C:\Program Files\MySQL\MySQL Shell 8.0\bin\;C:\Users\Yogesh\AppData\Local\Android\Sdk\tools;C:\Users\Yogesh\AppData\Local\Microsoft\WindowsApps;C:\Users\Yogesh\AppData\Roaming\npm;C:\Users\Yogesh\AppData\Local\Programs\Microsoft VS Code\bin;C:\Users\Yogesh\AppData\Local\GitHubDesktop\bin;
USERNAME=Yogesh
OS=Windows_NT
PROCESSOR_IDENTIFIER=Intel64 Family 6 Model 140 Stepping 1, GenuineIntel
TMP=C:\Users\Yogesh\AppData\Local\Temp
TEMP=C:\Users\Yogesh\AppData\Local\Temp



---------------  S Y S T E M  ---------------

OS:
 Windows 11 , 64 bit Build 26100 (10.0.26100.9168)
OS uptime: 0 days 1:45 hours
Hyper-V role detected

CPU: total 8 (initial active 8) (4 cores per cpu, 2 threads per core) family 6 model 140 stepping 1 microcode 0xb4, cx8, cmov, fxsr, ht, mmx, 3dnowpref, sse, sse2, sse3, ssse3, sse4.1, sse4.2, popcnt, lzcnt, tsc, tscinvbit, avx, avx2, aes, erms, clmul, bmi1, bmi2, adx, avx512f, avx512dq, avx512cd, avx512bw, avx512vl, sha, fma, vzeroupper, avx512_vpopcntdq, avx512_vpclmulqdq, avx512_vaes, avx512_vnni, clflush, clflushopt, clwb, avx512_vbmi2, avx512_vbmi, hv
Processor Information for all 8 processors :
  Max Mhz: 2401, Current Mhz: 2400, Mhz Limit: 2376

Memory: 4k page, system-wide physical 16026M (1288M free)
TotalPageFile size 45722M (AvailPageFile size 22052M)
current process WorkingSet (physical memory assigned to process): 438M, peak: 438M
current process commit charge ("private bytes"): 512M, peak: 512M

vm_info: OpenJDK 64-Bit Server VM (17.0.8+7-LTS) for windows-amd64 JRE (17.0.8+7-LTS), built on Jul  7 2023 17:21:55 by "MicrosoftCorporation" with MS VC++ 16.10 / 16.11 (VS2019)

END.
